uid,speed_mean_wk_1,speed_mean_wk_2,speed_mean_wk_3,speed_mean_wk_4,speed_mean_wk_5,speed_mean_wk_6,speed_mean_wk_7,speed_mean_wk_8,speed_mean_wk_9,speed_mean_wk_10,speed_max_wk_1,speed_max_wk_2,speed_max_wk_3,speed_max_wk_4,speed_max_wk_5,speed_max_wk_6,speed_max_wk_7,speed_max_wk_8,speed_max_wk_9,speed_max_wk_10,speed_sd_wk_1,speed_sd_wk_2,speed_sd_wk_3,speed_sd_wk_4,speed_sd_wk_5,speed_sd_wk_6,speed_sd_wk_7,speed_sd_wk_8,speed_sd_wk_9,speed_sd_wk_10,travelstate_time_stationary_wk_1,travelstate_time_stationary_wk_2,travelstate_time_stationary_wk_3,travelstate_time_stationary_wk_4,travelstate_time_stationary_wk_5,travelstate_time_stationary_wk_6,travelstate_time_stationary_wk_7,travelstate_time_stationary_wk_8,travelstate_time_stationary_wk_9,travelstate_time_stationary_wk_10,travelstate_time_moving_wk_1,travelstate_time_moving_wk_2,travelstate_time_moving_wk_3,travelstate_time_moving_wk_4,travelstate_time_moving_wk_5,travelstate_time_moving_wk_6,travelstate_time_moving_wk_7,travelstate_time_moving_wk_8,travelstate_time_moving_wk_9,travelstate_time_moving_wk_10,outdoor_time_wk_1,outdoor_time_wk_2,outdoor_time_wk_3,outdoor_time_wk_4,outdoor_time_wk_5,outdoor_time_wk_6,outdoor_time_wk_7,outdoor_time_wk_8,outdoor_time_wk_9,outdoor_time_wk_10,indoor_time_wk_1,indoor_time_wk_2,indoor_time_wk_3,indoor_time_wk_4,indoor_time_wk_5,indoor_time_wk_6,indoor_time_wk_7,indoor_time_wk_8,indoor_time_wk_9,indoor_time_wk_10,indoor_dist_wk_1,indoor_dist_wk_2,indoor_dist_wk_3,indoor_dist_wk_4,indoor_dist_wk_5,indoor_dist_wk_6,indoor_dist_wk_7,indoor_dist_wk_8,indoor_dist_wk_9,indoor_dist_wk_10,outdoors_dist_wk_1,outdoors_dist_wk_2,outdoors_dist_wk_3,outdoors_dist_wk_4,outdoors_dist_wk_5,outdoors_dist_wk_6,outdoors_dist_wk_7,outdoors_dist_wk_8,outdoors_dist_wk_9,outdoors_dist_wk_10,altitude_mean_wk_1,altitude_mean_wk_2,altitude_mean_wk_3,altitude_mean_wk_4,altitude_mean_wk_5,altitude_mean_wk_6,altitude_mean_wk_7,altitude_mean_wk_8,altitude_mean_wk_9,altitude_mean_wk_10,altitude_sd_wk_1,altitude_sd_wk_2,altitude_sd_wk_3,altitude_sd_wk_4,altitude_sd_wk_5,altitude_sd_wk_6,altitude_sd_wk_7,altitude_sd_wk_8,altitude_sd_wk_9,altitude_sd_wk_10,altitude_max_wk_1,altitude_max_wk_2,altitude_max_wk_3,altitude_max_wk_4,altitude_max_wk_5,altitude_max_wk_6,altitude_max_wk_7,altitude_max_wk_8,altitude_max_wk_9,altitude_max_wk_10,altitude_min_wk_1,altitude_min_wk_2,altitude_min_wk_3,altitude_min_wk_4,altitude_min_wk_5,altitude_min_wk_6,altitude_min_wk_7,altitude_min_wk_8,altitude_min_wk_9,altitude_min_wk_10,location_count_wk_1,location_count_wk_2,location_count_wk_3,location_count_wk_4,location_count_wk_5,location_count_wk_6,location_count_wk_7,location_count_wk_8,location_count_wk_9,location_count_wk_10,location_1_time_wk_1,location_1_time_wk_2,location_1_time_wk_3,location_1_time_wk_4,location_1_time_wk_5,location_1_time_wk_6,location_1_time_wk_7,location_1_time_wk_8,location_1_time_wk_9,location_1_time_wk_10,location_2_time_wk_1,location_2_time_wk_2,location_2_time_wk_3,location_2_time_wk_4,location_2_time_wk_5,location_2_time_wk_6,location_2_time_wk_7,location_2_time_wk_8,location_2_time_wk_9,location_2_time_wk_10,location_3_time_wk_1,location_3_time_wk_2,location_3_time_wk_3,location_3_time_wk_4,location_3_time_wk_5,location_3_time_wk_6,location_3_time_wk_7,location_3_time_wk_8,location_3_time_wk_9,location_3_time_wk_10,location_4_time_wk_1,location_4_time_wk_2,location_4_time_wk_3,location_4_time_wk_4,location_4_time_wk_5,location_4_time_wk_6,location_4_time_wk_7,location_4_time_wk_8,location_4_time_wk_9,location_4_time_wk_10,location_5_time_wk_1,location_5_time_wk_2,location_5_time_wk_3,location_5_time_wk_4,location_5_time_wk_5,location_5_time_wk_6,location_5_time_wk_7,location_5_time_wk_8,location_5_time_wk_9,location_5_time_wk_10,bearing_north_time_wk_1,bearing_north_time_wk_2,bearing_north_time_wk_3,bearing_north_time_wk_4,bearing_north_time_wk_5,bearing_north_time_wk_6,bearing_north_time_wk_7,bearing_north_time_wk_8,bearing_north_time_wk_9,bearing_north_time_wk_10,bearing_east_time_wk_1,bearing_east_time_wk_2,bearing_east_time_wk_3,bearing_east_time_wk_4,bearing_east_time_wk_5,bearing_east_time_wk_6,bearing_east_time_wk_7,bearing_east_time_wk_8,bearing_east_time_wk_9,bearing_east_time_wk_10,bearing_south_time_wk_1,bearing_south_time_wk_2,bearing_south_time_wk_3,bearing_south_time_wk_4,bearing_south_time_wk_5,bearing_south_time_wk_6,bearing_south_time_wk_7,bearing_south_time_wk_8,bearing_south_time_wk_9,bearing_south_time_wk_10,bearing_west_time_wk_1,bearing_west_time_wk_2,bearing_west_time_wk_3,bearing_west_time_wk_4,bearing_west_time_wk_5,bearing_west_time_wk_6,bearing_west_time_wk_7,bearing_west_time_wk_8,bearing_west_time_wk_9,bearing_west_time_wk_10
u00,0.03419980296052631,0.025259269739478958,0.035420423138833,0.9743481639004149,0.06820110757238307,0.13249984882943144,0.18670825426829268,1.1826776580976863,0.13859067037815126,0.11523277853288365,1.75,5.900212,11.75,33.25,3.25,16.25,13.75,34,22.005682,11.305419,0.21074230922223436,0.3146574126634164,0.5410357467504412,4.931384439475845,0.3524832986316246,1.2436087641770461,1.1077340414093457,5.5979925185286215,1.37480703503669,0.8359412680715398,229839,402327,412257,400041,383477,227991,268201,337551,267846,245168,107528,180789,161578,122986,94058,90302,94991,88112,44493,94067,23739,10326,14247,49645,48804,32769,29266,35563,15807,14868,339167,588477,576235,528427,489443,329680,366192,431674,321301,348710,0.5168025284036895,0.9385022204227295,0.7016811490794138,0.6572072960621514,0.37638100501981636,0.38018921363026587,0.3357033828085573,0.31142330690663594,0.4354888623639303,0.7246327814619256,0.5168025284036895,0.9385022204227295,0.7016811490794138,0.6572072960621514,0.37638100501981636,0.38018921363026587,0.3357033828085573,0.31142330690663594,0.4354888623639303,0.7246327814619256,14.243749969878289,4.17715435754509,6.490543296402414,11.641701336226888,18.402227168097994,11.936789292553511,8.588109696780489,7.07120816811527,4.900840294460568,7.361045580089376,57.81001158931095,32.742530765284144,38.034975261108336,48.301499321881316,61.06534979796849,40.273136822924094,35.71641346576551,33.84582207936709,31.78773775731106,37.65866755680725,371.299987793,391.200012207,298,333.700012207,364,251,273.899993896,303,280.299987793,275.5,0,0,0,-11.6000003815,0,0,0,-7.09999990463,-5.19999980927,0,181,218,201,194,296,96,150,234,57,184,7229,12711,22116,15000,7788,120,5833,4323,10287,4980,66538,54863,46139,51973,55612,69959,33665,53081,12622,76698,368,606,1130,431,725,308,277,29,NA,NA,NA,1533,109,1800,77,14,NA,71,NA,2223,NA,NA,NA,NA,NA,NA,NA,NA,NA,NA,14760,5645,7833,23552,32212,24072,10059,18337,11040,5893,NA,2394,2311,5093,1200,NA,8079,7216,711,2530,5410,1082,3456,11283,8390,3292,8146,7010,2438,5239,3569,1205,647,9717,7002,5405,2982,3000,1618,1206
u01,0.055935169345238095,0.08491678158536585,0.05874290783783784,0.045977150310559003,0.09496354844720496,0.021308761381074168,0.01240642890453834,0.039766149843260185,0.04442548652173913,0.0217133286908078,2.6925824,4.924429,2.9154758,6.1846585,32.75,2.3584952,3.0413814,20.25,19.525623,2.236068,0.2680707342034964,0.40463143158706305,0.3183705205186214,0.36093323039190683,1.5171610099250363,0.17684891917679638,0.15756347385256175,0.6777810757703648,0.8648445877606173,0.16623704943161666,219256,317690,417635,378217,397765,331439,286882,426800,420592,176002,82349,161963,105608,162771,158549,117225,97268,129338,102782,23944,103932,109334,52121,38114,23825,20935,5854,29121,29232,17855,301605,482053,524443,544588,558114,448664,389563,556738,529379,199946,0.13601749577661562,0.18966553142722653,0.19692517913697366,0.19083399471292706,0.17932764848510677,0.13530954844067095,0.2011201024405601,0.20570728662785712,0.18050778263437775,0.06964703758397821,0.13601749577661562,0.18966553142722653,0.19692517913697366,0.19083399471292706,0.17932764848510677,0.13530954844067095,0.2011201024405601,0.20570728662785712,0.18050778263437775,0.06964703758397821,39.168154875446426,27.028048678133537,14.30311846187526,10.435610769204969,5.571428516138095,6.69769819801023,2.7298904442816903,6.31786827158673,7.845543504799783,12.46406689062479,66.69051298769853,57.60131464902924,45.01085652994379,38.266830888861236,28.332900143226546,29.898794498938965,19.865249706832287,30.251088139507406,33.20825683647275,42.40539695363655,256.899993896,199.899993896,192.5,183.699996948,220.5,182,174.399993896,220.899993896,216,215.300003052,0,0,0,0,0,0,0,0,0,0,208,228,232,362,212,167,213,286,141,82,7738,6063,4974,1185,4112,7734,3400,3981,8170,11978,NA,NA,1696,10149,4075,NA,101,3033,3155,50911,264,266,644,401,455,121,1528,83,NA,NA,NA,36,NA,NA,NA,1210,1149,180,NA,NA,238,87,NA,77,16,43,260,288,NA,NA,86008,81146,29993,28573,16879,15136,4648,22122,26826,16049,3594,12595,7200,3440,1201,4171,NA,1794,1113,NA,8304,6000,10129,5754,4642,533,578,2820,1293,1806,6026,9593,4799,347,1103,1095,628,2385,NA,NA
u02,0.11015527536231885,0.08281917755511023,0.07880355277777779,0.015295051924603174,0.018187874574898785,0.03775303387211368,0.025526781407185627,0.018512180102564103,0.0039075365,0.01428746708737864,35.00357,30.316044,8.265138,2.6925824,1.9525625,6.946222,3.2015622,3.363406,2.6575365,3.0413814,1.8876038543943543,1.368079425497088,0.6495833877454151,0.15288540199565778,0.15038210771282806,0.3590407372902223,0.21976983663495261,0.19468256221149668,0.09283506749656094,0.15938389060748517,351114,428810,472802,513906,499997,437777,471273,453218,504064,353566,53431,136961,69836,59002,70467,72481,101225,116826,95562,64654,8573,32694,60962,29485,16786,48873,26911,13699,2174,8014,405745,566971,543838,575309,577640,525057,577029,578441,602626,430267,0.2914972449756494,0.32713135632746076,0.2949121226326013,0.26149341492439127,0.33285134668756095,0.21743488549183773,0.34215875896554326,0.40260676693578784,0.38423629596655384,0.22841475956959878,0.2914972449756494,0.32713135632746076,0.2949121226326013,0.26149341492439127,0.33285134668756095,0.21743488549183773,0.34215875896554326,0.40260676693578784,0.38423629596655384,0.22841475956959878,3.2823188450028984,7.479959935129659,14.07817462134127,6.709325457380952,3.7959514417168014,13.17424518050444,6.580239530095809,3.3046154002666666,0.53299998474,2.3765603434535367,24.43202629849016,31.187145325724753,42.58632073238488,29.620043022411917,22.58150598998836,41.346415755828644,29.91628899546607,21.901688427589967,8.442276882130585,18.346725248423493,306.100006104,172.199996948,195,168.600006104,166,209.600006104,177.100006104,179,142.899993896,162.899993896,0,0,0,0,0,0,0,0,0,0,176,279,277,304,333,223,346,355,282,224,9685,468,102,5698,5938,303,11401,8534,901,3647,10988,43456,34629,53772,94669,79549,42877,29183,101746,100651,180,320,330,331,676,156,1559,NA,348,161,NA,NA,445,NA,NA,882,682,NA,96,NA,41,NA,NA,NA,16,68,104,341,15,59,7369,25533,45424,22408,9510,40375,19735,6901,1137,4194,NA,1198,3611,4672,3593,3601,3008,1596,1037,1208,1204,3621,5917,NA,1204,1809,1510,3398,NA,853,NA,2342,6010,2405,2479,3088,2658,1804,NA,1759
u03,0.00883851356115108,0.011438517573221757,0.0022316047904191614,0.06298162089201878,0.04842174569958848,0.053176018,0.0015337423312883436,0.004098360655737705,0.0125,NA,0.70710677,2.1213202,1.118034,5.550901,3.535534,19.80688,0.75,1,1.25,NA,0.06826320934235598,0.13250495831111128,0.049950075377835995,0.46777997642564006,0.29705771604618236,0.9091619518640235,0.03391617237346037,0.06401843996644795,0.1250000000000003,NA,284367,526900,568800,448387,495603,562058,558544,278401,113402,NA,21652,38404,32401,30207,17343,16288,9599,7801,NA,NA,29981,5152,1199,29730,67854,21329,16258,3916,2534,NA,306019,568304,601201,481596,515946,578346,571142,289202,117602,NA,0.042984952523422534,0.059535514216501426,0.05438447137601428,0.06086160965398792,0.06513186582425683,0.036144010313282536,0.029144533181809786,0.021744716688011565,0.007574599410673547,NA,0.042984952523422534,0.059535514216501426,0.05438447137601428,0.06086160965398792,0.06513186582425683,0.036144010313282536,0.029144533181809786,0.021744716688011565,0.007574599410673547,NA,11.503597067410071,1.7315899517740585,0.23373253188423154,7.687793409319014,15.3045267489714,5.1453999023356,4.061349693251533,2.303688487065574,2.95,NA,37.633476184898484,15.572148482365636,5.231642106162047,31.671078470215143,43.860360207584336,26.162522953898144,24.03749542221448,17.88781963429296,20.75485339756092,NA,148.699996948,165.300003052,117.099998474,199.100006104,183.800003052,179.699996948,211.199996948,145.800003052,148.800003052,NA,0,0,0,0,0,0,0,0,0,NA,26,50,60,79,58,34,23,81,14,NA,NA,1904,NA,1893,2024,2863,NA,NA,NA,NA,17751,29937,48142,20554,12313,2863,11019,6594,2984,NA,39,226,118,317,229,132,269,16,69,NA,319612,520088,544042,466315,552989,591783,575638,283789,118144,NA,NA,NA,NA,NA,NA,NA,NA,NA,NA,NA,27593,1556,NA,20257,50910,19856,16258,3916,2534,NA,NA,1199,1199,2391,4892,NA,NA,NA,NA,NA,1192,1199,NA,2395,3622,1473,NA,NA,NA,NA,1196,1198,NA,4687,8430,NA,NA,NA,NA,NA
u04,0.043769871641791046,0.02272778103448276,0.007826886140724947,0.01963871737804878,0.00903695055785124,0.14026572110552762,0.01654065201612903,0.04339774625,0,NA,4.366062,2.6925824,1.8027756,1.8200275,2.1360009,28.320707,1.8027756,5.2974052,0,NA,0.33332027408503534,0.2127055982047525,0.10371073430921858,0.17757281016638313,0.11452913090322327,1.884483242626274,0.14857435385135095,0.3653084524249675,0,NA,166803,313881,285601,222600,334429,311508,344395,259198,200402,NA,222072,223728,265316,160722,234786,153426,239242,202859,94201,NA,9284,16303,5548,7281,12018,15087,12761,12449,NA,NA,391276,538809,560525,385122,570358,467334,584870,466309,295801,NA,0.3247594128885559,0.4300198860112238,0.5292317217367152,0.3375848582589524,0.43311545923229766,0.3601038441243878,0.4064700118226905,0.32999091219813675,0.18740034293646385,NA,0.3247594128885559,0.4300198860112238,0.5292317217367152,0.3375848582589524,0.43311545923229766,0.3601038441243878,0.4064700118226905,0.32999091219813675,0.18740034293646385,NA,3.5271641517722387,4.5357759163338365,1.9601278894712155,2.2649389941496954,2.7805785502316116,3.380653227990201,3.483669373298387,3.078750019075,0,NA,21.569672669477946,31.001594649366293,17.602685143377375,18.82723026115984,20.033769804985326,20.847617749025027,23.522477580258396,21.088577439990683,0,NA,169.300003052,446.100006104,192.899993896,165,228.800003052,188.899993896,220.800003052,185.5,0,NA,0,-29.5,0,-20.2000007629,0,0,0,0,0,NA,401,507,601,376,551,512,549,468,227,NA,505,959,8012,1189,707,128,854,2262,656,NA,1518,2867,1927,7881,17702,14507,9377,6456,16348,NA,283,564,287,386,126,NA,72,3179,NA,NA,52,16,243,NA,NA,489,NA,NA,NA,NA,82,29,103,NA,292,123,NA,28,40,NA,1493,11947,3304,2480,7776,9294,5867,3487,NA,NA,2397,NA,NA,2400,NA,NA,NA,7800,NA,NA,2221,1955,1040,1202,699,NA,5692,NA,NA,NA,3173,2401,1204,1199,3543,5793,1202,1162,NA,NA
u05,0.104229325,0.005612244897959183,0.0010706638115631692,0.0030153805970149256,0.02233528857715431,0.030274852564102565,0.024736601164144355,0.04258253581885856,0.013592986468646864,0.0067545985855263155,20.024984,1.5,0.5,1.4142135,1.5206907,2.5495098,4.031129,14.758472,3.7831864,1.3462912,1.2804384560018303,0.08811902072166938,0.02313724066913738,0.06530231196471188,0.16692389572531693,0.20669206282132577,0.25881741722592766,0.5925662651942584,0.1815931743298028,0.08709901236502213,228607,432607,403200,438002,433278,462552,445971,426000,301202,154801,80998,154802,154213,123003,140405,98998,63272,50443,54586,27095,8279,2394,1419,1199,18069,25893,8948,10161,4212,1105,309605,587409,557413,564010,576682,561550,511649,481847,364204,184896,0.1568091603688012,0.27917124719214725,0.28203859506261997,0.20829888185097004,0.19772063202379977,0.15395212239865955,0.18560727115704873,0.15573441530469573,0.1648455770799824,0.0777659447720576,0.1568091603688012,0.27917124719214725,0.28203859506261997,0.20829888185097004,0.19772063202379977,0.15395212239865955,0.18560727115704873,0.15573441530469573,0.1648455770799824,0.0777659447720576,1.0238636535690946,0.5993877800163265,0.2610278405267666,0.26908314914285714,4.599599222861723,6.897115365051443,2.8689173564097787,2.0821340007169975,1.5356435492475249,1.053289463644737,10.064654231696638,9.390955639685744,5.6408593457505525,5.827374417401634,25.529062192114896,30.07412274485093,21.13671844669711,17.385075506133408,14.362551599484668,12.981484134319336,115.900001526,156.100006104,121.900001526,126.199996948,187.899993896,171.199996948,226,192.100006104,161,168.300003052,-1.20000004768,0,0,0,0,0,0,0,0,0,190,250,239,228,188,180,203,184,150,113,1324,5327,47,1206,22,13512,210,3699,291,NA,8604,41249,3913,15677,62624,84898,84860,138235,69395,66086,81,121,8398,128,164,103,173,NA,NA,20,46,19,58,1900,236,377,742,1134,NA,NA,201964,350346,383369,401293,349586,401393,318088,289938,229444,28388,2879,1195,NA,NA,13271,15569,4473,6561,1807,597,1800,1199,NA,NA,2396,2447,NA,529,598,NA,1800,NA,1419,NA,2402,2361,3256,1200,NA,NA,1800,NA,NA,1199,NA,5516,1219,1871,1807,508
u07,0.0945665515625,0.08242096372239748,0.09293145391498882,0.017662564347826086,0.052563771200000005,0.04213940054989817,0.06350704052132701,0.01585331891891892,NA,NA,10.262188,9.263504,9.75,2.0155644,11.011357,11,9.263504,1.3462912,NA,NA,0.8088476184981617,0.7480915956485706,0.7527261360221718,0.1537936782277679,0.6252150105495217,0.5187860974600558,0.6140390803256895,0.13740311348518602,NA,NA,279869,258050,432016,430722,517898,494691,437514,146959,NA,NA,85246,108956,84266,108050,70463,76235,49228,27629,NA,NA,23900,21225,19646,13339,13516,18239,17464,4211,NA,NA,366920,367006,518082,541777,588361,574876,490947,174588,NA,NA,0.20643397102604838,0.21569073510651493,0.23403362311233863,0.2673969597825924,0.18234991349483945,0.20565734760202986,0.1343305058625243,0.0697966841438427,NA,NA,0.20643397102604838,0.21569073510651493,0.23403362311233863,0.2673969597825924,0.18234991349483945,0.20565734760202986,0.1343305058625243,0.0697966841438427,NA,NA,10.03062496185,8.209148202403785,5.788143200630873,3.129999973461087,2.91700004578,3.991853391568228,5.395497525464455,3.4790540128108107,NA,NA,38.08640551356296,35.11744392105311,29.76913217271182,20.683418384729887,19.6078116220154,22.798494907437178,27.330126106690805,21.093430523910566,NA,NA,203.300003052,228.199996948,240.899993896,177.699996948,171.100006104,161.300003052,173.399993896,141,NA,NA,0,0,0,0,0,0,0,0,NA,NA,385,522,359,377,342,383,313,126,NA,NA,2431,3673,452,2307,584,958,13424,6292,NA,NA,14,2258,16,39349,8810,5496,NA,501,NA,NA,312,138,82,199,59,170,249,NA,NA,NA,3290,4127,2076,7591,1102,7939,1270,2538,NA,NA,41,126,68,53,147,82,51,NA,NA,NA,16029,16529,9282,7452,6528,11051,11970,3582,NA,NA,1207,1903,3006,5282,1642,1126,NA,629,NA,NA,3807,1596,323,605,1211,6062,2166,NA,NA,NA,2857,1197,7035,NA,4135,NA,3328,NA,NA,NA
u08,0.005028735632183908,0.035592001440329216,0.003143417097415507,0.040755467196819085,0.001984126984126984,0.020284022504537206,0.003102521393034826,0.0065962912,0.0054256824786324785,0.0014044943820224719,1,6.75,1.5811388,17.75,1,3.4003677,1.25,1.75,1.75,0.5,0.06691427938576816,0.39359390832502605,0.07049949458901841,0.7962680794978692,0.0445435403187375,0.19346503515880306,0.0557038113558542,0.09200518404684586,0.0878893691208682,0.026499947000158973,264003,318028,397200,376707,452427,378390,456519,488394,440963,207986,147651,253762,203397,216536,145330,196907,144175,103996,109658,4382,3544,10527,2402,7549,5843,16017,4106,5211,2692,600,414056,574792,601861,595648,598957,578297,600694,597790,562560,212968,0.20135083165175002,0.2883020829640057,0.2437730027117076,0.2979375207902153,0.25403514745201156,0.3319101843550421,0.3385247342966171,0.2596123475718401,0.2391812225768655,0.058738223078284225,0.20135083165175002,0.2883020829640057,0.2437730027117076,0.2979375207902153,0.25403514745201156,0.3319101843550421,0.3385247342966171,0.2596123475718401,0.2391812225768655,0.058738223078284225,1.239080451,2.7386831275720165,0.5922465390775348,1.7751490932326044,1.3426587241035715,4.956079860348457,1.0517413087164178,1.3655000152599999,0.7389957232350427,0.5210674157303371,13.309333217315519,21.493553696769748,9.445168096133981,15.761772177154867,13.895989109249776,26.3937161198815,12.638209404995978,14.364831108625847,10.133130155801876,9.83148033705889,146.5,201.199996948,166.100006104,162.100006104,189.5,176,181.100006104,168.600006104,162.899993896,185.5,0,0,0,0,0,0,0,0,0,0,209,281,262,346,310,310,339,316,269,96,765,1042,NA,10574,333,6484,1482,551,56,NA,45664,29183,49455,58894,144042,93022,34577,170847,16041,9413,306,341,151,190,163,328,NA,24,NA,NA,NA,31,NA,16,NA,NA,NA,NA,NA,NA,75,416,126,80,370,495,417,198,83,171,3544,1205,1201,5855,4676,9263,2244,2266,543,600,NA,4741,NA,1116,NA,4547,NA,605,968,NA,NA,1576,1201,578,1167,2207,1862,1773,603,NA,NA,3005,NA,NA,NA,NA,NA,567,578,NA
u09,0.07480237185344828,0.17607531830238726,0.0451504351565762,0.14943291407673862,0.022784292630480166,0.09432090050526315,0.025727327199558985,0.04165922514551804,0.09824065492957747,0.014684997566909976,2.1360009,30.254131,4.776243,22.051077,1.9525625,3.8160844,3.2015622,5.8523498,25.75,3.535534,0.31001932800262755,1.640676827328556,0.2911653336289112,1.1595271204931281,0.1584531643228957,0.41168761996040804,0.21311746305287324,0.34869338539587647,1.3117241258569925,0.18910165586621414,167804,262316,380402,317406,480125,378421,439121,392467,205867,212311,67802,137161,169483,126118,64659,110555,132767,101032,36094,31816,41900,38979,27468,47305,26338,88480,23913,33607,17551,4169,236806,418687,549885,460328,550793,488976,571888,499505,246174,248934,0.12582452507833886,0.24088521761247636,0.21262647026451514,0.17891411645114097,0.2131330537447765,0.2748541375192596,0.27134264432582594,0.2476767612286333,0.06914705131795203,0.053789861420098964,0.12582452507833886,0.24088521761247636,0.21262647026451514,0.17891411645114097,0.2131330537447765,0.2748541375192596,0.27134264432582594,0.2476767612286333,0.06914705131795203,0.053789861420098964,16.60431038511651,12.098673731955968,5.890396739352818,9.80023986487434,5.285177465770355,18.20273681640358,4.3530320038234835,5.533410948286379,7.957042192624414,2.1355231069294405,48.831387565435826,42.14097812543131,27.09283844545011,33.07527744247287,26.279710703255034,45.64991075470612,24.94850521311814,26.397142440151892,32.81538861214283,17.61660942870539,193.699996948,270.299987793,158.300003052,171.5,187.100006104,193.899993896,318.600006104,186.600006104,281.399993896,166,-35.4000015259,0,0,0,0,0,0,0,0,0,167,265,232,206,262,331,295,309,177,60,192484,290635,442697,296962,385264,316788,370048,359528,178494,140717,NA,3002,3133,1862,22380,35700,19286,9248,13110,76374,298,548,325,402,141,508,604,89,23,109,173,1868,15,NA,NA,178,252,1031,125,NA,362,NA,433,27,346,3434,168,1132,23,29,27497,22308,11122,20027,10640,46480,11345,14726,9801,2744,5399,6515,7675,2397,6000,14826,4785,6001,NA,600,6599,7797,1201,11082,7232,13293,3594,8280,4253,NA,2405,2359,7470,13799,2466,13881,4189,4600,3497,825
u10,0.13773708773006135,0.00929709381237525,0,0.013117106639839034,0.00693918003992016,0.008066669246031746,0.009335475502008032,0.004306453427419355,0,0,5.5226803,2.0615528,0,6.519202,2.3584952,1.4142135,1.8027756,2.1360009,0,0,0.5946398573062843,0.12313972169656523,0,0.29242617502653395,0.1165193148928215,0.09554909772852398,0.12093780607193538,0.0959092716934903,0,0,149098,459598,459600,449078,478813,470484,433200,458397,410406,289201,31800,138201,144001,147152,121254,127922,164402,133826,142802,83400,18191,2241,NA,1200,2364,4597,1684,1176,NA,NA,180898,599599,603601,596230,600067,598406,597602,597631,564019,385218,0.07480681661973958,0.24936656447710012,0.2749218475834404,0.2784276224305835,0.24299961824669294,0.25126626778453903,0.2573650888885642,0.18269454433817156,0.17093663996974706,0.1381387618748534,0.07480681661973958,0.24936656447710012,0.2749218475834404,0.2784276224305835,0.24299961824669294,0.25126626778453903,0.2573650888885642,0.18269454433817156,0.17093663996974706,0.1381387618748534,11.759509221177915,0.9497006048942116,0,0.3559356014004024,0.47624751717365266,1.1938492154325397,0.8251004199919678,0.4848790322580645,0,0,40.51910345372723,12.250011708084413,0,7.935049194245801,7.545044571890843,13.644450874150753,10.61091449733055,10.798768784359813,0,0,187.800003052,162.300003052,0,176.899993896,126.800003052,201.600006104,139.100006104,240.5,0,0,0,0,0,0,0,0,0,0,0,0,244,231,246,279,250,265,243,211,184,179,NA,689,361,NA,NA,NA,NA,107,NA,NA,3317,21982,10049,25421,32562,6126,19026,NA,3414,2484,395,785,689,709,566,690,726,391,332,302,NA,NA,NA,NA,NA,31,NA,1840,NA,NA,NA,43,NA,37,NA,NA,16,19,16,NA,6842,NA,NA,NA,NA,2330,470,1176,NA,NA,2705,204,NA,1200,NA,2267,NA,NA,NA,NA,7200,2037,NA,NA,NA,NA,1214,NA,NA,NA,1444,NA,NA,NA,2364,NA,NA,NA,NA,NA
u12,0.266493262994186,0.3204903571101871,0.17768268405797102,0.051657829761904764,0.1054449060362173,0.03585620659898477,0.2311378102102102,0.11621251897073663,0.10878134215784216,0.012844039329268293,20,33.48974,27.25,16.75,17.564169,16.03122,37.263420000000004,34.25,22.655022,3.535534,1.86971379536371,2.620122353951674,1.7964355785969413,0.7614664358038964,1.1688683360677081,0.6654171436683493,2.236250852884624,1.705306949823244,1.2677853883920007,0.17371900046441602,227303,369715,411580,459726,426636,460429,453466,466279,475775,306163,106089,142916,120093,106491,109829,122658,106218,111335,110773,83901,79110,59030,35189,37994,58376,20950,44656,19359,15844,4717,334592,518538,545063,566217,538265,583087,560184,583647,588400,397862,0.2989321425680241,0.701858207048263,0.647010494985572,0.39178749245138444,0.42551479342679555,0.3945791484824501,0.6918821276676714,0.8492890080418964,0.668067433820941,0.7062536816134146,0.2989321425680241,0.701858207048263,0.647010494985572,0.39178749245138444,0.42551479342679555,0.3945791484824501,0.6918821276676714,0.8492890080418964,0.668067433820941,0.7062536816134146,33.32848841645378,12.771933462416424,7.179296045814038,10.020634938801587,16.195975842849496,5.969881512788325,12.29529528002072,4.842280498545106,4.476523484145854,1.947560961652439,68.01043624342563,44.56624074743694,35.25720626745529,38.94956797823546,49.24569511086653,30.916298585659497,44.00579139920496,27.562760514094702,26.647485811579042,16.66454448729436,237.800003052,221.100006104,231.199996948,222.600006104,221.699996948,198.699996948,397.299987793,271,206.5,174.899993896,0,-40.7000007629,-50,0,0,0,0,0,0,0,80,244,118,196,215,156,168,231,156,141,83,306,NA,203,1927,74,3848,2511,3816,3777,8200,12308,13113,12277,8421,12668,12486,12814,45515,18938,1391,10829,506,7965,2131,3731,7518,3105,11873,4440,2304,4370,3253,9923,10132,4659,4359,6431,5088,3871,NA,NA,NA,44,34,NA,NA,141,104,56,61506,43539,23400,30792,52032,15376,32115,12441,7799,3614,3722,842,5803,1199,4033,NA,1654,3400,2279,593,6247,8034,3575,3602,NA,2784,7544,2994,2877,510,7635,6615,2411,2401,2311,2790,3343,524,2889,NA
u13,0.029090268624338625,0.0259003393877551,0.09190778592190889,0.14679257419421488,0.050764692076502735,0.0340750001447178,0.18840649143063584,0.1361651553125,0.07585182187651332,0.03899600674157303,2.304886,2.75,13.009612,18.506756,16.25769,7.648529,24.020824,21.755747,15.75,11.101802,0.23873625050179892,0.2307908284667777,0.7261324293863514,1.2200411991331406,0.6247993729040194,0.2978566296019575,1.584795032442228,1.207520339782525,0.9210074037547797,0.5947745282656183,196198,497971,409625,401427,375342,348648,193488,454059,405832,183803,18104,60551,84900,82038,94055,8282,25912,89026,69213,21103,5910,29127,55036,89809,83445,57452,16051,49723,17046,3496,222701,560650,498730,492464,482602,365135,234784,549083,493516,213909,0.04524275422997972,0.23532379025637562,0.23401112399912402,0.35747765389227226,0.3716331116829657,0.10865076181987625,0.2921728032162816,0.6461976808413041,0.6671981234563109,0.1726393498640749,0.04524275422997972,0.23532379025637562,0.23401112399912402,0.35747765389227226,0.3716331116829657,0.10865076181987625,0.2921728032162816,0.6461976808413041,0.6671981234563109,0.1726393498640749,3.6904761904761907,5.818571425457551,11.403687590886552,17.90144632670909,16.640163932342485,15.690955178613386,6.217485593236995,9.359072600643952,4.3357142524601695,2.0356741058657306,20.69169618343355,25.75846679341764,34.82168987702088,43.36755127144386,42.580136749940166,40.33035010491293,27.59044876145126,32.50156939917113,23.54036607236566,15.886265881859236,148,164.899993896,196.100006104,186,199.800003052,167.100006104,199.600006104,205,215.199996948,143.399993896,0,0,0,0,0,0,0,0,0,0,36,136,147,141,141,63,72,336,145,44,1941,16986,9451,15087,11306,3867,7747,17342,15885,1896,38756,238603,233233,327047,325175,332052,93571,198492,241633,102458,452,597,435,404,788,154,215,948,645,119,NA,518,28,53,516,791,14656,1181,467,231,NA,NA,NA,NA,NA,NA,NA,NA,23,NA,2415,22237,44996,71822,69255,47607,2616,34339,11297,2284,NA,1093,4152,4819,2947,2034,2961,5502,1254,1212,1197,2299,3498,9463,6091,3757,6684,7328,3995,NA,2298,3498,2390,3705,5152,4054,3790,2554,500,NA
u14,0.015635472149253732,0.0154873378,0,0.002028397565922921,0.025144210165484633,0.011686991869918699,0.027770509627329194,0.0156903559,0,0.008663366336633664,1.25,3.5794554,0,1,2.1360009,1.25,2.4622145,1.5,0,1.75,0.129550156686354,0.1925728759751333,0,0.045037734911104674,0.1732739250069813,0.11278098918200602,0.21663076621036448,0.1407830918190749,0,0.1231295703278014,275258,395761,355324,389055,325427,430478,253892,237716,239999,204104,120789,192231,183677,194696,137005,136010,120538,109692,82807,30702,7872,12492,10597,7427,43568,25183,12170,6233,1194,3395,396047,587992,543800,585551,464232,566488,376230,355809,334806,240807,0.18471589948898845,0.2339151747469284,0.19632092262944031,0.28546664048357656,0.16838203386182304,0.16754581353221232,0.11884880090755516,0.11950073909232767,0.05449347079552402,0.02741577313202954,0.18471589948898845,0.2339151747469284,0.19632092262944031,0.28546664048357656,0.16838203386182304,0.16754581353221232,0.11884880090755516,0.11950073909232767,0.05449347079552402,0.02741577313202954,3.2656716873432834,3.17900003052,3.053043481578261,2.1882353003083166,3.6205674054801418,6.2579267858455285,4.541614911571428,2.802333297726667,0.5053956834532374,2.115346474217822,22.84240073903819,22.887829428940524,21.83508529874013,18.316594324912074,22.49785745705011,29.15819389064894,25.603261260794472,19.680699119634756,8.426630021852148,17.274816891408342,221.600006104,223.300003052,203.699996948,169.899993896,198,172.699996948,191.300003052,149.699996948,140.5,144.5,0,0,0,0,-15.5,0,0,0,0,0,272,245,214,256,195,208,237,202,57,37,1303,20616,917,5917,NA,NA,NA,223,NA,NA,7845,17790,71558,75722,81838,147701,98345,74083,136234,156143,273,435,688,366,301,212,126,NA,NA,73,NA,NA,NA,NA,1875,NA,10137,NA,NA,NA,137,NA,NA,124,NA,NA,NA,NA,NA,NA,3553,8291,10597,6305,38304,19237,6811,3777,1194,3395,2402,1198,NA,1122,NA,2392,NA,2456,NA,NA,1917,3003,NA,NA,4103,1188,3016,NA,NA,NA,NA,NA,NA,NA,1161,2366,2343,NA,NA,NA
u15,0.6820819255813954,0.23291233166666667,0.007354142857142857,0.03575310726851852,0.03166241246987952,0.1582104693877551,0.029874213836477988,0.019959913488372092,0,0.02077901443298969,33.50373,18.256847,1.25,2.0155644,1.9525625,3,2.5,3.0413814,0,2.0155644,4.396113506365397,1.2933575118756377,0.09331361326210316,0.22268332237743887,0.21350017965299367,0.602906819728601,0.2441803323583047,0.22388712546181258,0,0.20464955841198468,187813,147606,253805,148799,139202,84247,133412,150001,2406,92399,52863,90002,119280,96584,50041,66230,44697,102016,6598,15592,12398,53306,4324,7221,6298,22389,4960,2380,NA,1209,249076,245407,383284,254987,195248,153481,188915,256216,14045,117594,0.06782706297245782,0.11658220205683571,0.16593747888019567,0.18591766406290808,0.09381872843431724,0.09293398556735412,0.07415176703656959,0.1038945831050268,0.014015478072836972,0.055266899117356244,0.06782706297245782,0.11658220205683571,0.16593747888019567,0.18591766406290808,0.09381872843431724,0.09293398556735412,0.07415176703656959,0.1038945831050268,0.014015478072836972,0.055266899117356244,4.893488338377209,3.282083303727292,1.829192546583851,4.171759252194445,4.568072261578314,12.82653066415102,3.472955955647799,1.4665116421023257,0,1.443298969072165,32.367644694434304,22.564430353380164,16.381049160525226,24.953064569698462,26.47493721815495,37.34273044887222,21.702757936377708,15.221120974200284,0,14.214846311870678,288.5,158,158.5,187.100006104,188.5,174.800003052,144.300003052,170.600006104,0,140,-37.2999992371,-55.0999984741,0,0,0,0,0,0,0,0,137,134,155,154,183,128,106,136,17,65,NA,207,NA,NA,NA,NA,NA,NA,NA,NA,NA,NA,NA,13128,35906,29903,12511,8501,1800,26886,144,77,365,139,143,68,119,184,NA,19,6650,2274,67,NA,NA,NA,NA,NA,NA,16,131571,182837,245900,124658,106996,63019,132164,188801,5403,67773,2130,25106,3120,NA,4138,16700,3758,NA,NA,1209,1199,14401,NA,1203,1199,2305,NA,1178,NA,NA,6574,12599,1204,1206,NA,2275,NA,NA,NA,NA,2495,1200,NA,4812,961,1109,1202,1202,NA,NA
u16,0.018483212903225806,0.004120224778947368,0.020198220673076923,0.03242893131578947,0.04309832785388128,0.01219709664310954,0.01883948827225131,0.004947613504074505,0.005445924573721163,0.022618414040114613,1.8027756,1.25,3.2015622,3.5,13,1.8027756,4.069705,1.75,2.0615528,7.8938265,0.15702663993411536,0.06583504934532695,0.21512274988226524,0.2748058215670751,0.6349587455447918,0.12693316927277623,0.20645008763982134,0.0847763590394771,0.09119317756665456,0.42254684490341077,295798,451202,394101,485999,422986,460609,458394,453664,530572,199272,107406,114002,96108,95406,50350,97903,111817,52866,68491,10808,5948,2399,5888,12600,43890,9909,10588,4133,3334,504,403204,568209,496206,581405,484138,567523,573213,519075,600263,210080,0.1275870815045778,0.1973667390626359,0.17740249000906633,0.18949494254542568,0.1122564163957899,0.18295031118715482,0.27806251709720275,0.12475976964114156,0.1590164550869023,0.05106868138798432,0.1275870815045778,0.1973667390626359,0.17740249000906633,0.18949494254542568,0.1122564163957899,0.18295031118715482,0.27806251709720275,0.12475976964114156,0.1590164550869023,0.05106868138798432,2.2492668621700878,0.6926315789473684,1.9137019194088942,3.1170040393157894,12.215753407237214,2.0867491139116607,2.09120421884178,1.1374854375366705,0.9069207668786359,0.3744985585902579,18.50336632495663,10.717286070106788,17.91209134479112,21.92516848645235,41.3276587119439,16.546338798315265,17.42272407291953,12.562773401950555,11.989295109638485,6.996210435998633,170,181.100006104,199.899993896,191.399993896,211.300003052,159.100006104,185.5,147.399993896,220.600006104,130.699996948,0,0,0,0,0,0,0,0,0,0,145,194,193,276,158,247,328,185,186,56,11455,1632,3458,3000,3885,2137,26712,7536,10424,387,40995,33339,36212,56480,53780,88278,52449,122927,91421,50673,199,350,142,437,103,269,103,NA,NA,NA,NA,94,NA,1848,NA,NA,1200,NA,NA,NA,279635,445790,406071,473779,425804,413806,393050,362814,445241,149157,3596,1200,2405,4202,40303,4808,2324,2337,2132,NA,NA,NA,NA,1203,NA,2099,4200,593,NA,NA,2352,NA,1200,3600,2466,1202,582,NA,603,504,NA,1199,2283,3595,1121,1800,3482,1203,599,NA
u17,0.012727042485549133,0.025811756197802196,0.0019880715705765406,0.008248080334728033,0,0.004792426373626374,0.011017664847715736,0.006487025948103792,0.005241002719665272,0.0018168572199730095,1.8027756,2.236068,1,1.3462912,0,1.8027756,1.6007811,3,3.0103986,1.3462912,0.13994259424372685,0.1837078819727802,0.044587796206771196,0.10395714782004788,0,0.08685516808303016,0.11669335325060808,0.11541020239355036,0.10810718076122017,0.04945724301764175,345599,405004,541807,441490,517104,564455,407975,566398,513706,427197,66936,125183,57598,123159,70231,26287,57449,33714,56054,18718,3264,13893,2399,3292,3669,13771,6776,4201,2039,485,412535,530188,599405,571429,590264,591916,469627,600112,576356,445915,0.10073610575079407,0.1553479408598385,0.1236532964719906,0.19728142180561634,0.1670411666577029,0.11008099923334477,0.17191701001852555,0.11197344581033633,0.1557621967747235,0.07270212216796516,0.10073610575079407,0.1553479408598385,0.1236532964719906,0.19728142180561634,0.1670411666577029,0.11008099923334477,0.17191701001852555,0.11197344581033633,0.1557621967747235,0.07270212216796516,1.25,3.5463736565582415,0.6127236519840954,0.9671548181004184,1.0576923076923077,2.723390923566719,1.9826142170710659,0.8580838125369262,0.5649581653807532,0.16423751275033738,13.46039437082477,22.651357564442336,9.982853612513976,12.183600286269964,13.908458051159275,20.697020214542412,16.781983153210522,11.114649708893957,10.446742411754913,4.4707610985673165,165.199996948,163.100006104,191,155.600006104,230.800003052,186.699996948,163,162.899993896,249.5,121.699996948,0,0,0,0,0,0,0,0,0,0,147,303,167,223,247,259,257,177,176,92,NA,NA,NA,277,NA,NA,NA,1246,267,NA,18384,42726,25835,34798,54026,23010,30677,26314,75245,24835,130,113,214,205,80,248,223,NA,83,92,NA,NA,NA,NA,NA,NA,NA,NA,NA,NA,96,354,263,610,126,221,658,396,118,NA,1110,5082,1199,2110,3669,11176,3070,1770,NA,NA,1198,2206,1200,NA,NA,1301,1298,NA,NA,485,956,5404,NA,1182,NA,1294,1896,1745,1319,NA,NA,1201,NA,NA,NA,NA,512,686,720,NA
u18,0.06645176677233429,0.0219654139088729,0.0366167,0.03211097448,0.5514074248768472,0.018343731013916502,0.006313131313131313,0.01086616667574932,0.011531319011494253,0,3.0923293,1.5811388,2.6925824,3.8078866,31.5,2.828427,1.25,1.25,1.5,0,0.32520649495062487,0.15924103335676587,0.2359396476987729,0.269934463641196,3.8290412796463698,0.20217070465970152,0.08883363181483772,0.09892408868304496,0.11325878229724966,0,299027,362248,446541,472198,376974,535568,177674,355814,476023,21600,52741,69005,103364,116415,64421,56778,22813,50546,30376,3599,64975,68548,52499,13181,46877,11254,37128,31647,14346,NA,351768,431253,551705,588613,443195,592346,200487,408160,508199,30000,0.11378952734911067,0.12241388330519379,0.17609372494218528,0.18422097272526056,0.10235400191315047,0.09430391624803967,0.03595590481066038,0.07562633607953415,0.04834182523703473,0.011655557231095773,0.11378952734911067,0.12241388330519379,0.17609372494218528,0.18422097272526056,0.10235400191315047,0.09430391624803967,0.03595590481066038,0.07562633607953415,0.04834182523703473,0.011655557231095773,23.36974055484726,20.656115195741005,13.071912446351991,3.1553999938960002,11.535221718806158,2.5506958098807155,21.888888850353535,10.966212467531335,4.033793096432184,0,54.912310632423754,52.39390554562936,43.091507010194555,21.229157858945825,42.86314116810794,18.330044931455994,51.036812317193665,39.59303123055271,24.145762848427538,0,207.399993896,244.800003052,212.800003052,167.899993896,299.600006104,173.699996948,166.199996948,245.199996948,175.600006104,0,0,0,0,0,-30.7000007629,0,0,0,0,0,139,161,192,250,203,121,78,89,54,17,352640,386384,459100,415324,162909,445330,177634,320505,443443,8100,14969,31884,38933,89221,162873,97912,33532,32377,57253,17980,176,488,698,250,749,104,NA,NA,NA,NA,NA,NA,NA,68,120,NA,NA,NA,NA,NA,NA,16,346,NA,11,NA,74,NA,NA,NA,52539,60299,36956,5949,27717,7786,37128,28182,11950,NA,3593,2292,5999,2438,7214,NA,NA,1200,1200,NA,5247,3665,7196,2393,9392,1070,NA,1065,NA,NA,3596,2292,2348,2401,2554,2398,NA,1200,1196,NA
u19,0.38882125,0.04940686344758064,0.07113878438133875,0.07200647508946321,0.015324124603174604,0.04592085,0.020450317003968255,0.03277603414,0.004202448412698413,0.027023034832402235,31.004032,5.147815,5.5,16.5,2.6925824,11,3.363406,5.0559373,1.118034,2.1360009,3.122490792563261,0.32365258979489553,0.3797264815705695,0.7890144381344383,0.1687231092187861,0.5602376385840667,0.19455418384281314,0.27536773571239964,0.06674927266019692,0.19437879386092802,203996,459745,431439,481700,510499,486797,502348,448192,501644,362380,61427,104410,114672,100277,78751,100228,84989,132780,93562,53994,12375,27540,42525,19713,13164,15444,14490,17824,2397,10769,268423,568267,550288,581977,590547,588163,589733,582172,601476,419376,0.1276626722581286,0.2134591553841997,0.2004069025021011,0.17816562740897815,0.1525923340311015,0.14418368137666554,0.16396539316939993,0.18261244438100152,0.11397552373533319,0.06798300664618687,0.1276626722581286,0.2134591553841997,0.2004069025021011,0.17816562740897815,0.1525923340311015,0.14418368137666554,0.16396539316939993,0.18261244438100152,0.11397552373533319,0.06798300664618687,6.889655211878879,6.8068548017903225,9.720081120425963,4.330019880715308,3.2083333333333335,3.254960332599603,3.321626935683135,4.435400054936,0.5335317641984126,3.751117301385475,34.98659733676072,31.182678781413458,35.05602745828837,24.375414444462518,21.52502751984415,20.214098056443838,21.87479044118334,25.754108254448905,8.470013273748467,23.55495823812792,331.600006104,186.399993896,173.5,201,161.100006104,160.899993896,178.5,218.5,140.600006104,178.699996948,0,0,0,0,0,0,0,0,0,0,126,181,232,171,209,180,215,239,90,130,2896,NA,6755,4084,4698,21677,6503,158,NA,825,2634,2774,3490,25760,81139,77131,151162,141250,233956,139260,83343,310107,279626,422780,381875,405461,337290,269194,306702,236224,75,NA,NA,NA,NA,NA,NA,115,NA,NA,61,54,181,74,NA,108,NA,NA,142,NA,3379,10746,25177,7796,8328,4748,6012,7223,1197,5398,NA,3595,8346,1200,1089,2327,1215,5959,NA,1192,5400,8399,3066,6000,1197,8369,4700,NA,NA,4179,3596,4800,5936,4717,2550,NA,2563,4642,1200,NA
u20,NA,0.03504967261663286,0.007559930278884462,0.047228734131736526,0.026452464495049503,0.02416273,0.04001028079268293,0.00424757281553398,0.008561643835616438,NA,NA,3.6055512,1.118034,5.2974052,4,2.75,3.25,1.75,1.25,NA,NA,0.3022841919236574,0.07940408641448198,0.42202180780993276,0.26826764519418406,0.21863477790567942,0.28116147483654724,0.08621631183937588,0.10345073607529601,NA,NA,481918,504504,179259,400890,245674,323913,412895,159698,NA,NA,84792,73204,6000,47809,52903,33402,48598,9600,NA,NA,20297,25432,11540,156673,32743,34535,31062,6467,NA,NA,571397,577708,190064,448699,302687,360315,466293,169298,NA,NA,0.12386016495157966,0.11766488806378426,0.012496428350877152,0.10415252896072562,0.06927174824445688,0.0512249880967075,0.07070728168832313,0.012947319555561493,NA,NA,0.12386016495157966,0.11766488806378426,0.012496428350877152,0.10415252896072562,0.06927174824445688,0.0512249880967075,0.07070728168832313,0.012947319555561493,NA,NA,5.827586237849898,6.172709233262948,8.829940064934132,36.497821785199605,14.384285681586071,13.219207298463415,8.841504921038835,4.319178124,NA,NA,29.630991000332955,28.555913078142,35.68687016573039,62.044064061434675,43.99056055702863,41.192819783666415,34.205295043115434,23.087292821208006,NA,NA,197.899993896,181.600006104,206.300003052,201.699996948,214.399993896,181.800003052,151.100006104,141.800003052,NA,NA,0,0,0,0,0,0,0,0,NA,103,112,85,2,142,105,93,119,23,NA,NA,1846,NA,NA,650,NA,389,NA,NA,NA,5028,NA,371,NA,15818,4823,2359,99,NA,NA,129,NA,285,NA,422,252,71,101,NA,NA,226134,500323,521211,200866,497771,285483,355569,443545,149338,NA,NA,NA,NA,NA,NA,NA,NA,NA,NA,NA,NA,11991,23256,8055,153736,29575,29613,31062,6467,NA,NA,2395,1092,2290,1142,1196,3901,NA,NA,NA,NA,3515,NA,NA,NA,775,1013,NA,NA,NA,NA,2396,1084,1195,1795,1197,8,NA,NA,NA
u22,0.011651351906158357,0.006445897071129707,0.01374298101010101,0.017711163039014374,0.06838905775075987,0,0.014486109090909092,0.015281173594132029,0.11618203641618498,0.0035587188612099642,3.473111,1.5811388,2,4.609772,13.25,0,2.6925824,4,18.75,1,0.1899396800836709,0.0995812953534656,0.15443189246086933,0.2385645214003047,0.7564987671886532,0,0.17444085138951795,0.2127492348378921,1.1689114216691003,0.05965499862718933,329400,463275,430421,459986,249876,96908,466354,380226,282310,304583,76272,106233,154230,112925,33638,12894,68437,94404,57137,19266,2962,2399,12951,12373,111182,9595,12628,10003,62654,228,406872,571308,584651,575911,285314,113402,542591,483630,352047,340185,0.12738627816801734,0.16273711555324913,0.21999785209071876,0.18913450257651002,0.06122511976025913,0.0331973960203714,0.10607056268399988,0.12210550999972362,0.08486636603379505,0.06596822311797285,0.12738627816801734,0.16273711555324913,0.21999785209071876,0.18913450257651002,0.06122511976025913,0.0331973960203714,0.10607056268399988,0.12210550999972362,0.08486636603379505,0.06596822311797285,0.9873900203753666,0.6510460187196653,3.0145454946222223,3.157700180271047,17.204559325093168,8.65049506650198,3.632467525861472,2.710024453608802,21.3297688258211,0.49501781531672595,12.910442061137953,10.115868954711713,20.19593802294054,21.192895445899158,37.15225145374169,32.53262867417962,22.36525484393286,19.282293333536746,50.22145816975387,8.298010673176154,181,172.800003052,169.100006104,196.5,173.699996948,153,159.899993896,152.399993896,182.5,139.100006104,0,0,0,0,-24.2000007629,0,0,0,0,0,167,213,245,224,103,23,177,230,132,115,803,5123,73,3154,2941,NA,80,8476,4605,2422,13762,3228,16128,22829,NA,NA,NA,NA,NA,3759,336,111,2673,130,NA,NA,4908,NA,NA,NA,NA,24,NA,27,NA,NA,NA,675,1366,NA,314706,413547,389361,460329,242070,113820,479262,369624,318874,167581,2962,NA,9312,8854,102917,9595,11151,7769,56132,NA,NA,1197,1197,1195,NA,NA,1164,NA,1201,NA,NA,NA,NA,1128,3590,NA,313,2234,2997,228,NA,1202,2442,1196,4675,NA,NA,NA,2324,NA
u23,0.024694466445182726,0.06978702718181819,0.1254644940061162,0.16985040810026386,0.2372147215819209,0.2704273697752809,0.10352101628654971,0.07422284386819485,0.03990712,NA,3.7165172,3.363406,3.7165172,8.13941,6.6567636,6.5,9,4.031129,1.5,NA,0.30244253105460717,0.3600186792311695,0.485732266525229,0.7187100093406129,0.8075513505354217,0.8220600671632572,0.6058062755088607,0.4034330047044454,0.2018972646634324,NA,338097,293861,276418,273739,138672,196318,269270,338055,131097,NA,16282,26179,17927,20771,34672,14393,28321,12451,5222,NA,5033,68996,105834,132044,233885,192802,114967,57922,40107,NA,356779,323048,294345,294510,173344,212771,297591,350506,136319,NA,0.05153136337000963,0.08682559821838891,0.04354273921285938,0.04239865287840493,0.10355910384514122,0.04944278333472179,0.03676982868317233,0.022500457787115416,0.00484128952812749,NA,0.05153136337000963,0.08682559821838891,0.04354273921285938,0.04239865287840493,0.10355910384514122,0.04944278333472179,0.03676982868317233,0.022500457787115416,0.00484128952812749,NA,2.3627906875348836,26.57000001849606,34.14923561896596,47.757519810055406,78.96384186394859,75.71910095213315,38.0011694166269,23.49627492078281,37.483333485922,NA,18.43786524967345,57.160182261704236,64.12619057938655,70.5844839563586,78.26680428204533,80.83927209562732,64.73111099431009,55.228631138975345,101.70222625663293,NA,165.5,255.300003052,231.300003052,238.899993896,311.700012207,488.700012207,212.699996948,209.899993896,1043.80004883,NA,0,0,-3.59999990463,0,0,0,0,0,0,NA,73,103,99,44,117,79,117,83,22,NA,NA,NA,NA,NA,NA,NA,NA,NA,NA,NA,4967,7748,12010,34860,73933,7841,19640,NA,5785,NA,122,299,102,114,610,66,179,NA,239,NA,343492,514770,549203,558636,492964,571734,549345,600755,300586,NA,13,NA,NA,NA,NA,NA,NA,NA,NA,NA,2714,51061,78555,105847,202108,143465,98167,50527,36507,NA,1236,2312,11683,1235,4778,10207,4800,1948,1800,NA,1083,8425,10798,18802,19631,17099,8400,1249,1800,NA,NA,7198,4798,6160,7368,22031,3600,4198,NA,NA
u24,0.17560034589041096,0.014696454969574037,0.00901310259481038,0.0069124423963133645,0.0034802784222737818,NA,NA,NA,NA,NA,30.5,2.75,2.0155644,1.5,1.5,NA,NA,NA,NA,NA,2.1240996225118893,0.16070233766362257,0.11955584975513842,0.1017089843090127,0.07225245762886363,NA,NA,NA,NA,NA,297074,490929,512481,449261,466887,NA,NA,NA,NA,NA,45845,88967,82759,62777,47939,NA,NA,NA,NA,NA,5297,9335,7162,8221,1174,NA,NA,NA,NA,NA,345319,582897,595240,513838,516026,NA,NA,NA,NA,NA,0.09228894081821416,0.15499419094698097,0.19679166943980794,0.1825931378644393,0.15368718832666897,NA,NA,NA,NA,NA,0.09228894081821416,0.15499419094698097,0.19679166943980794,0.1825931378644393,0.15368718832666897,NA,NA,NA,NA,NA,2.01575339330137,2.4322515182024342,1.728143688207585,2.0907834312345623,0.31693736915081205,NA,NA,NA,NA,NA,17.481491937184444,19.612549765992565,15.73120655949194,16.6449227410558,6.579790768754526,NA,NA,NA,NA,NA,177.5,233.600006104,153.199996948,164.699996948,136.600006104,NA,NA,NA,NA,NA,0,0,0,0,0,NA,NA,NA,NA,NA,168,194,184,174,157,NA,NA,NA,NA,NA,6311,287,1895,NA,1850,NA,NA,NA,NA,NA,5430,47386,18122,132774,115526,NA,NA,NA,NA,NA,510,612,511,541,410,NA,NA,NA,NA,NA,NA,NA,NA,NA,NA,NA,NA,NA,NA,NA,268,208,253,58,NA,NA,NA,NA,NA,NA,1800,3447,3478,5809,NA,NA,NA,NA,NA,NA,1800,3538,1273,1206,NA,NA,NA,NA,NA,NA,NA,2350,2411,1206,1174,NA,NA,NA,NA,NA,1697,NA,NA,NA,NA,NA,NA,NA,NA,NA
u25,0.04764763694267516,0.2764350453172205,0.05982720948529412,0.021029359147869676,0,0.005853167532467532,0,0.03527130675675676,0,0.07329325454545454,2.304886,30.5,3.473111,5.5226803,0,0.9013878,0,2.6100767,0,4.031129,0.28469014805345366,2.871400879390087,0.34544442643733697,0.29500041042745434,0,0.0726358988732316,0,0.30341525331526004,0,0.5435573234743175,115800,245404,149999,282595,253199,140399,4800,51601,32398,55200,57759,139276,141333,183609,118218,37506,2400,29310,4801,3600,8356,5920,17674,4813,NA,895,NA,2999,NA,1201,183172,395491,314136,477019,377417,185712,10800,86909,47401,66004,0.09538475264665564,0.23913888434585562,0.20918391982853532,0.22570952424255394,0.1805079020607435,0.05851898531671106,0.021280957902599686,0.0559831327927621,0.014281459368046362,0.012489305153820681,0.09538475264665564,0.23913888434585562,0.20918391982853532,0.22570952424255394,0.1805079020607435,0.05851898531671106,0.021280957902599686,0.0559831327927621,0.014281459368046362,0.012489305153820681,3.4853503354819746,2.360725034039577,0.3224264567382721,1.7531328320802004,0,1.3766233766233766,0,4.043243408216216,0,2.463636363636364,25.775572075451983,22.76036838043228,10.12712047038154,15.608562391270057,0,17.083446837338133,0,24.442015581622304,0,18.27081627275387,237,327.799987793,157.199996948,154,0,212,0,155.100006104,0,135.5,-36.7000007629,0,-35.5999984741,0,0,0,0,0,0,0,131,224,210,217,215,98,5,118,23,28,NA,1800,NA,NA,1894,NA,NA,11267,NA,NA,6726,5564,21778,37202,44402,20929,NA,4657,19107,62968,200,111,24,NA,87,52,NA,NA,NA,NA,NA,421,200,237,835,NA,NA,NA,NA,NA,NA,764,NA,NA,12,NA,NA,607,NA,NA,3715,1196,5075,3597,NA,NA,NA,1800,NA,1201,NA,NA,10201,NA,NA,NA,NA,NA,NA,NA,1800,1096,1198,1216,NA,NA,NA,1199,NA,NA,2841,3628,1200,NA,NA,895,NA,NA,NA,NA
u27,0.02596418947368421,9.940357852882703e-4,0,0.001996007984031936,0.002670940170940171,0.008551756158663883,0.00248015873015873,0.007128309572301426,0,0.012052592717086835,2.9154758,0.5,0,1,1.25,1.5,1.25,3.5,0,1.8027756,0.22560656032543144,0.02229389810338559,0,0.04467670516087681,0.05778127044012796,0.10814109712039133,0.05567942539842204,0.15795278884228273,0,0.138441772351155,242589,467445,366641,490821,458508,441505,520801,501529,475163,319792,38381,134406,111561,107993,94693,124354,82879,78007,108115,88203,8229,1152,NA,2385,1199,5939,1120,1749,NA,15793,288772,601851,484213,600014,562206,571869,603680,588185,588677,412796,0.07750620893811357,0.14940723723214025,0.16875421393055687,0.14841496264262416,0.12358993155946268,0.15314566799970242,0.11719430615380536,0.09167626144761308,0.07970890597868464,0.06482117442303754,0.07750620893811357,0.14940723723214025,0.16875421393055687,0.14841496264262416,0.12358993155946268,0.15314566799970242,0.11719430615380536,0.09167626144761308,0.07970890597868464,0.06482117442303754,3.472874506283401,0.19045726252842943,0,0.561477052,0.2952991387777778,1.481002090868476,0.25972221011111113,0.5688391100855397,0,5.346778677288795,22.251123064175992,4.2715110126816995,0,8.87801186855551,6.388297118781757,14.458891194871105,5.83074915582889,8.90427254231774,0,26.898733589184566,168.600006104,95.8000030518,0,141.800003052,138.199996948,147.600006104,130.899993896,141.199996948,0,190,0,0,0,0,0,0,0,0,0,0,122,150,154,141,105,173,107,137,86,138,NA,NA,1445,210,725,1305,543,NA,NA,42,8390,NA,1166,209,NA,NA,4697,17449,7551,124978,83,323,284,176,46,366,30,NA,NA,20,NA,NA,NA,NA,NA,NA,NA,NA,NA,NA,NA,NA,NA,NA,NA,NA,NA,NA,NA,NA,4685,1152,NA,1199,1199,2350,NA,497,NA,15313,NA,NA,NA,1186,NA,NA,NA,1252,NA,NA,1202,NA,NA,NA,NA,1190,1120,NA,NA,480,2342,NA,NA,NA,NA,2399,NA,NA,NA,NA
u30,0.22862873310344828,0,0.014239402594339623,0.1395784391208791,0.08036635680751174,0.028773005870020962,0.13628371934599157,0,0.0031645569620253164,0.008845329855072463,29.75,0,2.6100767,30.25,30.75,3.0103986,28.25,0,1,3.0516388,2.4766909078747927,0,0.1633646647571083,1.997526347991494,1.4931203584174768,0.2108785055487301,1.8377695706466193,0,0.05130955601226157,0.16429471015384992,112801,302752,355287,355280,373982,381231,386405,253201,455693,308429,53666,122615,151552,183482,129493,172295,171825,70222,108776,101429,4016,1800,6877,8251,5573,17133,12447,2377,2457,2400,171875,427167,508639,538762,508275,556526,558230,325223,570469,412858,0.08273386779815305,0.23293386902319727,0.24788822576553152,0.276305322852459,0.31265127527177217,0.2738214621674199,0.2647628803094732,0.10858159548185992,0.20495379412575498,0.14422822632240873,0.08273386779815305,0.23293386902319727,0.24788822576553152,0.276305322852459,0.31265127527177217,0.2738214621674199,0.2647628803094732,0.10858159548185992,0.20495379412575498,0.14422822632240873,2.471724201074483,0.2783098677515493,2.1054245323507077,1.4729669927208793,0.7361502222039906,3.922851098654717,2.536497904405382,1.0761029299558824,0.6567510612911392,0.7657971147188406,17.93354945101945,5.243759699223311,17.984061611246972,14.414804572363284,9.684926024591961,22.873101423037895,19.03533714913184,12.529539084697905,10.106306431389356,10.062736005223117,156.300003052,98.8000030518,168.699996948,169.699996948,145.699996948,158.899993896,182.600006104,149.699996948,161.199996948,140.300003052,0,0,-11.1999998093,-8.5,-16.2999992371,0,0,0,0,0,197,315,289,290,351,286,288,125,338,276,3129,2847,3007,1898,1871,463,111,NA,3464,NA,13798,4405,5390,6357,26653,19104,2776,NA,3642,67180,279,489,547,520,583,499,592,NA,NA,251,18512,30086,3025,3868,1174,630,8506,NA,2820,NA,138,152,27,2621,144,2254,NA,NA,8143,374,NA,1800,3387,2324,NA,8948,4789,2377,1203,1200,1800,NA,513,NA,NA,2396,4403,NA,NA,1200,2216,NA,NA,5927,3000,3451,1128,NA,1254,NA,NA,NA,2977,NA,2573,2338,2127,NA,NA,NA
u31,0.8655352672333333,0.2251706995029821,0.56180065454,0.004764658333333333,0.06137282103174603,0.045236068,0.05405045325203252,0.7742347738396624,0.4476147035714286,0,31.753937,31.254,33.514923,1.5,16,17.25,21.592823,33.75,30.287167,0,4.757542766207297,1.5991450562879859,3.924450002066331,0.07788274529766813,0.8759846694701887,0.7816172652269254,0.9785766826231804,4.544018470617559,3.415699460032725,0,243314,401576,473377,546967,551823,542113,483295,481477,357821,7200,45639,72020,84714,51791,36108,44766,91071,38433,57848,NA,59615,125204,36096,3644,13156,11193,9371,33306,9639,NA,300274,478719,565124,601156,591629,589880,582098,537816,423190,7200,0.23885205984515204,0.41278323362269365,0.4862676827159874,0.331362097047652,0.3459764603700605,0.29088859154812846,0.4682563358510681,0.34021963590032805,0.42254740992411116,0.02095155245669908,0.23885205984515204,0.41278323362269365,0.4862676827159874,0.331362097047652,0.3459764603700605,0.29088859154812846,0.4682563358510681,0.34021963590032805,0.42254740992411116,0.02095155245669908,20.209666595457332,27.316898649306165,4.837999972105664,0.8486111353333333,2.9841269841273808,2.88299998474,2.0095528083085368,5.006751029297405,2.1216666777935,0,48.647200116007596,55.94577861589168,28.158353136422804,11.003778732977755,20.297217653965607,20.84817541652568,15.907038996125483,30.493598670569057,14.68197747527842,0,315.299987793,372.600006104,276.299987793,154.100006104,170.899993896,246.699996948,141.399993896,347.399993896,128.800003052,0,0,0,-33.5,0,0,0,0,-19.3999996185,0,0,113,230,201,209,176,178,216,151,151,1,9997,22729,21019,21840,25078,16305,21401,11063,14060,NA,33858,125844,187300,244560,175530,151095,194120,103297,43153,NA,678,960,660,478,626,611,790,377,577,NA,NA,1375,1144,629,276,218,1005,483,111,NA,NA,NA,NA,NA,31,NA,NA,NA,NA,NA,35358,86291,18065,2412,8345,7642,4671,17933,3972,NA,4912,20465,3598,1232,NA,2349,3620,2311,3542,NA,13348,13543,6015,NA,4811,1202,1080,8360,1462,NA,5997,4905,8418,NA,NA,NA,NA,4702,663,NA
u32,0.27919557664233574,0.01290490631364562,0.015371823,0.0057010096707818935,0.02730874867256637,0.06297183846153846,0.03192248808933002,0.014101036379928315,NA,NA,19.163769,5.836309,5.771698,1.5206907,4.9812145,18.25,5.771698,4.7169905,NA,NA,2.268929189053068,0.2643078495342718,0.2665159729526652,0.08006703983036975,0.29444378363078166,0.9404040776124916,0.31088662500437053,0.2140238038340047,NA,NA,88799,333311,342148,310448,310654,291108,303726,223798,NA,NA,32410,248531,256215,270197,223106,167103,171373,111375,NA,NA,41498,6590,2365,3699,8291,12596,18961,5279,NA,NA,128133,583925,598363,581845,538014,458211,478100,335173,NA,NA,0.0545418080134546,0.22917026255063833,0.2904576879343701,0.2791520239543342,0.3059658776153776,0.2584846167773106,0.26439357623270693,0.11806306386218147,NA,NA,0.0545418080134546,0.22917026255063833,0.2904576879343701,0.2791520239543342,0.3059658776153776,0.2584846167773106,0.26439357623270693,0.11806306386218147,NA,NA,31.95109481532336,1.8034623217922607,0.820600006104,0.8915637765884774,2.2141593241081856,4.232307747083846,4.9849876138784115,2.392114714483871,NA,NA,58.92894770807175,16.423492671834236,10.673503884657572,11.556599745814518,18.79304925144658,31.294640229542175,26.501590548643524,20.75125008437233,NA,NA,183.100006104,187.600006104,162.100006104,185.699996948,212.300003052,359,193.899993896,287.100006104,NA,NA,-22.1000003815,0,0,0,0,0,0,0,NA,NA,154,230,223,258,337,289,271,293,317,397,379,750,242,300,3897,1110,3862,NA,273,113,54005,21203,34500,12316,40861,47527,33559,17274,33627,16313,15,16,99,57,61,NA,31,NA,23,102,1951,NA,413,12,168,2236,237,NA,474,62,99681,343886,316002,302264,268332,188876,308522,337042,276619,176391,39626,4790,1789,695,3701,4264,11945,4075,NA,NA,1198,NA,576,NA,2295,1800,575,1204,NA,NA,674,NA,NA,1800,2295,2327,2917,NA,NA,NA,NA,1800,NA,1204,NA,4205,3524,NA,NA,NA
u33,0,0.007056953632734531,0.01380235069582505,0.001,0.002,0.01436498693877551,0.7692307692307693,0.7083333333333334,0,NA,0,1.4142135,2.6925824,0.5,1,2.236068,2.25,2.5,0,NA,0,0.09460496322564073,0.17410371516142098,0.02236067977499791,0.04472135954999582,0.1568079274489698,0.8194353903599472,1.1226827987756232,0,NA,251098,488432,490315,443946,477244,469393,NA,NA,3000,NA,96603,106319,102930,148581,117364,103394,NA,NA,1800,NA,922,4651,5782,9273,3863,15278,20377,9697,NA,NA,352501,597151,597005,592527,595808,572787,NA,NA,4800,NA,0.14967061687543687,0.24941142923193235,0.18516598927416222,0.2228529119865025,0.2147594541461227,0.16221185687192907,NA,NA,2.1599558735884846e-4,NA,0.14967061687543687,0.24941142923193235,0.18516598927416222,0.2228529119865025,0.2147594541461227,0.16221185687192907,NA,NA,2.1599558735884846e-4,NA,0.4737201469351536,1.157684630738523,1.6240556690377734,2.0810000152602,1.091199981688,3.9199999750859185,142.47692166830768,121.44999949135,0,NA,8.108782759477112,12.948354587993355,16.43561017313808,16.52184634166461,12.206100735955001,23.215520886040505,16.181427407019605,17.156310103764675,0,NA,138.800003052,157.100006104,198.300003052,151.100006104,155.399993896,170.399993896,176.399993896,137.5,0,NA,0,0,0,0,0,0,119.800003052,96.5999984741,0,NA,166,257,199,260,267,224,253,125,1,NA,5454,4076,2704,3405,2784,NA,5059,NA,NA,NA,5340,NA,3437,2608,351,NA,NA,NA,NA,NA,218,319,161,312,28,NA,NA,NA,NA,NA,NA,NA,NA,NA,NA,NA,NA,NA,NA,NA,165,325,30,275,138,26,31,109,NA,NA,922,1187,2320,9273,3863,10531,13177,7897,NA,NA,NA,NA,2373,NA,NA,NA,7200,1800,NA,NA,NA,2268,NA,NA,NA,2901,NA,NA,NA,NA,NA,1196,1089,NA,NA,1846,NA,NA,NA,NA
u34,0.30977032432258067,0.3186468331880734,0.12184211686746987,0.20520503859016392,0.1853881381322957,0.5140930522522522,0.14605557623655915,0.20608723145539906,0,NA,13.536986,27.754503,12.75,15.282752,13.086252,24.005207,14.32873,16.757462,0,NA,1.4274990675621544,2.1271941005880772,0.8313327629675252,1.2762464558347106,1.2210190909581538,2.5703308636233593,1.2195733145185788,1.3850677822145991,0,NA,92399,394966,298360,261590,237297,106745,283197,211460,11998,NA,36149,81959,64934,46315,38403,7803,36068,22795,NA,NA,61692,46205,31619,53061,30915,19793,12010,17929,NA,NA,135147,480011,366894,313345,279300,114548,329880,239059,13798,NA,0.06793853302661587,0.27943004204734145,0.22011129715480487,0.18515168976372964,0.11025834909376601,0.06366905480372204,0.18431740466835553,0.09032158341370655,0.005429111868975431,NA,0.06793853302661587,0.27943004204734145,0.22011129715480487,0.18515168976372964,0.11025834909376601,0.06366905480372204,0.18431740466835553,0.09032158341370655,0.005429111868975431,NA,42.48774192564581,12.197477060720642,10.540963827841265,21.477049080260983,13.685213912778599,21.625225376447748,4.941935440115054,10.429577321503755,0,NA,69.55495744219319,40.597891588919424,36.01444067613972,52.71742038859406,44.01741474436063,54.75349824448468,26.38539464986692,37.5960088872647,0,NA,257.799987793,212.800003052,180.399993896,205.399993896,206.899993896,218.300003052,179.899993896,195.699996948,0,NA,0,0,0,0,0,0,0,0,0,NA,154,170,158,166,102,104,116,138,13,NA,3745,10615,4877,2859,3174,78,1979,1987,NA,NA,76980,19292,25140,51404,36420,5887,98750,15693,8999,NA,493,321,685,98,141,175,434,83,NA,NA,10003,40592,14193,29711,8057,9048,1190,64016,135,NA,NA,NA,NA,NA,NA,NA,NA,NA,NA,NA,37944,20061,15468,33162,21963,13798,6603,9983,NA,NA,1197,7899,41,6952,2971,3600,NA,3001,NA,NA,17750,17331,9328,5204,5981,1198,4204,861,NA,NA,4801,914,6782,7743,NA,1197,1203,4084,NA,NA
u35,0.10103688419117647,0.15394575238095237,0.003335735864978903,0.07506759206543967,0.02565975528634361,0.027407549429735233,0.05159907266528926,0.04327465983606557,5.13347022587269e-4,0.10255519205298012,17.564169,27.115494,1.5811388,3.8078866,1.8200275,12.75,19.25,16,0.25,16.75,1.0874550217260983,1.562692397254869,0.07262411033995415,0.32226756628317144,0.17860803492925412,0.576218626425054,0.8827761443980464,0.7376096644006552,0.011328581360736091,1.2270466655386743,273093,401614,471801,415447,469293,546215,515395,556652,556805,311191,28801,61803,94799,70013,36080,33587,56535,20229,24603,40189,20910,16573,1630,99290,40741,13236,7521,7054,1194,5967,308417,463417,566600,486660,505373,579802,573134,578681,585608,357380,0.04636592980893367,0.10518572317970445,0.16242477605816058,0.1746814287180388,0.08689854143236264,0.12788448903664046,0.19211637476126195,0.09953028984053401,0.10938561382502213,0.12395050300700641,0.04636592980893367,0.10518572317970445,0.16242477605816058,0.1746814287180388,0.08689854143236264,0.12788448903664046,0.19211637476126195,0.09953028984053401,0.10938561382502213,0.12395050300700641,8.942279366882353,5.447869609168171,0.62995781878481,24.7112474500045,10.95484578136586,4.146435863861507,2.5485536717148762,2.2797130991188523,0.33018481119507187,1.9943708457678808,35.01505425571965,27.85252295410973,9.768770260866475,56.27827138349437,39.79273897316635,26.533271539893445,20.13666871777687,17.80416090216168,7.286543669524761,15.556624581270368,172.699996948,170.699996948,168.600006104,231.199996948,208.600006104,197.100006104,191.899993896,175.899993896,160.800003052,137.199996948,0,0,0,0,0,0,0,0,0,0,49,85,142,184,103,80,146,85,71,141,1865,5664,4659,549,450,680,7387,NA,1955,5401,60906,19420,827,17730,32151,5972,24447,NA,31351,43269,56,236,221,962,212,92,363,NA,215,296,221210,297604,329976,412160,426266,485908,425519,482646,521934,280269,NA,NA,54,NA,NA,NA,69,NA,NA,NA,13802,5932,902,67003,31562,12636,2762,3446,1194,4824,1110,NA,NA,14405,3114,NA,1885,1293,NA,NA,2998,5838,728,10682,3629,NA,2029,NA,NA,1143,3000,4803,NA,7200,2436,600,845,2315,NA,NA
u36,0.003968253968253968,0.06055053973737374,0.06101165014,0.1099850686350975,0.07111408589420655,0.11651431492890996,0.07674906198347108,0.05986635761620977,0.0320905728115345,0.009459017311522048,1,18.809904,6.8007355,19.006578,12.25,27.518175,16,15.6285,4.451123,2.6925824,0.06299407883487118,0.8611881402615909,0.432899977184888,1.1057490512275407,0.7343567001925623,1.3858665260433911,0.8336995512742287,0.6887201036916661,0.26489164308734875,0.12659017280912244,253816,420842,432103,314623,328373,311973,424889,461197,477685,356084,36920,142373,107373,77221,127633,133317,119104,88703,72102,61847,3280,23882,59406,27313,15140,58097,30151,31557,36918,4458,299934,568617,540677,399043,461513,453099,549729,554585,553878,426347,0.08744797147920307,0.30614622287829285,0.2953375986221563,0.2605116117546052,0.4303640676853197,0.4571772095677429,0.4777610367359402,0.5195658694780454,0.5083667323163076,0.4138296897248739,0.08744797147920307,0.30614622287829285,0.2953375986221563,0.2605116117546052,0.4303640676853197,0.4571772095677429,0.4777610367359402,0.5195658694780454,0.5083667323163076,0.4138296897248739,2.0238095540873013,5.373939406271111,11.1421999206496,4.296657360363231,2.4798488768590707,13.406634982720048,5.904752077151033,6.913587633847199,7.052420186947374,1.4073968727251778,16.078309284506833,24.969454835378002,34.038674581293535,22.93925508649255,16.33080681530941,40.466738665189816,26.125615543904168,27.296163897935088,27.51446147382425,13.37259185580535,146.100006104,187.699996948,197.600006104,157.5,163.199996948,169.5,178.600006104,175,199.800003052,172.5,0,0,0,-120.199996948,-3.90000009537,-18.2999992371,0,0,0,0,121,155,171,150,218,181,166,286,163,157,6704,15005,11785,8818,7590,10995,15032,17169,13113,7032,150831,249830,276822,193044,155816,265103,196622,219378,235944,210017,259,1200,685,1046,2784,997,1455,951,582,1074,31,513,681,196,494,3041,20863,3235,1127,662,NA,NA,NA,NA,84,NA,NA,30,69,23,3280,19934,41522,16204,9538,45861,21150,21593,28303,2240,NA,1583,3612,3453,1153,4100,1800,2339,3366,1121,NA,2365,9513,3563,3147,5730,5997,4082,4201,NA,NA,NA,4759,4093,1302,2406,1204,3543,1048,1097
u39,0.004310344827586207,0.06868978451505017,0.013225769409090909,0.045149634402390434,0.04749861851851852,NA,NA,NA,NA,NA,0.25,17.75,1.9525625,2.795085,8.01561,NA,NA,NA,NA,NA,0.03282660821493064,1.0312267605297214,0.14071762725376136,0.26280263977664925,0.517413684100019,NA,NA,NA,NA,NA,53998,256428,220218,455372,281867,NA,NA,NA,NA,NA,9001,93487,25799,31203,3761,NA,NA,NA,NA,NA,1200,9495,11395,116428,37353,NA,NA,NA,NA,NA,69611,351717,252028,486575,285628,NA,NA,NA,NA,NA,0.019713957725150538,0.08034214606506553,0.08483695309227235,0.11081514364106546,0.042064506734574,NA,NA,NA,NA,NA,0.019713957725150538,0.08034214606506553,0.08483695309227235,0.11081514364106546,0.042064506734574,NA,NA,NA,NA,NA,2.7189654646206898,2.8916387653635454,4.182727293536818,20.446215107616293,12.883333502881852,NA,NA,NA,NA,NA,20.707024061231017,17.921636494712423,19.415981659559016,42.79578588417875,39.730668896914764,NA,NA,NA,NA,NA,157.699996948,140.399993896,109.400001526,198,260.700012207,NA,NA,NA,NA,NA,0,0,0,0,-53.0999984741,NA,NA,NA,NA,NA,9,32,33,43,52,NA,NA,NA,NA,NA,87,1942,1880,3808,4039,NA,NA,NA,NA,NA,12948,315226,89700,61037,26041,NA,NA,NA,NA,NA,NA,55,87,161,92,NA,NA,NA,NA,NA,NA,NA,77,NA,NA,NA,NA,NA,NA,NA,NA,NA,NA,NA,NA,NA,NA,NA,NA,NA,1200,8391,8392,104474,35034,NA,NA,NA,NA,NA,NA,NA,1198,3502,NA,NA,NA,NA,NA,NA,NA,1104,NA,3603,519,NA,NA,NA,NA,NA,NA,NA,1805,4849,1800,NA,NA,NA,NA,NA
u41,0,0,0,0,0.003247020486815416,0.04043110225961538,0.017326732673267328,0.009548611111111112,0.011694999082568807,0,0,0,0,0,1.6007811,1.9525625,2,2.75,2.5495098,0,0,0,0,0,0.07209555483250625,0.2360605435150978,0.17547882518349356,0.16204530402191675,0.17267459214372052,0,266399,376801,440385,310797,476592,152548,197478,325201,209401,250933,47402,92463,66019,66603,96135,46877,36000,18601,48599,19664,NA,1138,NA,NA,16482,48976,3862,1199,519,NA,318609,472265,509403,380395,574527,199425,241279,343802,265800,277797,0.08153513414985109,0.16510322623600202,0.13902565098473046,0.12239326172023747,0.17802966534233017,0.05844993053437785,0.051337141526010974,0.03896910246521355,0.09450455789125416,0.05221890784287456,0.08153513414985109,0.16510322623600202,0.13902565098473046,0.12239326172023747,0.17802966534233017,0.05844993053437785,0.051337141526010974,0.03896910246521355,0.09450455789125416,0.05221890784287456,0,0.5073603905989849,0,0,4.23975663253144,30.282211377057692,2.9920791777029705,0.4937499894027778,0.5417431122660551,0,0,10.070816202463787,0,0,25.027759623259403,61.5618763146773,21.27372952310263,8.379215177219706,7.998741196708468,0,0,199.899993896,0,0,188.699996948,183.199996948,178.699996948,142.199996948,118.099998474,0,0,0,0,0,0,0,0,0,0,0,121,180,156,138,216,122,96,88,162,97,1850,NA,NA,3993,NA,NA,NA,NA,104,NA,56568,2687,4239,NA,19665,NA,NA,NA,15668,13840,78,108,145,NA,132,NA,98,NA,NA,104,133,NA,NA,NA,780,269,NA,NA,NA,NA,NA,17493,NA,14518,NA,NA,NA,NA,NA,NA,NA,1138,NA,NA,16482,43134,2662,1199,519,NA,NA,NA,NA,NA,NA,1142,NA,NA,NA,NA,NA,NA,NA,NA,NA,1231,1200,NA,NA,NA,NA,NA,NA,NA,NA,3469,NA,NA,NA,NA
u42,0,0.08968122344139651,0.11232210679012346,0.16362055058666666,0.1791760860103627,0.178449761971831,0.2200542125,0.14231958484848484,0.1691781314516129,NA,0,19.775301,16.5,23.005434,26.269041,15.5,22.255617,15,15.757935,NA,0,1.0637785258343309,1.0687028463832218,1.3505896952027205,1.5660110145408979,1.3510861068005942,1.8593904735634925,1.2080384155461248,1.4871085114663452,NA,13200,400803,469356,354271,375325,399868,422505,348208,149425,NA,NA,61212,94455,64707,44122,67886,38454,30580,3000,NA,NA,17395,21975,32457,43002,41902,38017,14311,4735,NA,17981,472215,563811,422578,424847,471421,466959,382988,152425,NA,2.537232349097696e-4,0.21221651543046724,0.25008357981650936,0.2062081247127666,0.16029488664012737,0.2098256382186738,0.1490018816455653,0.09696787762475574,0.029532828906435812,NA,2.537232349097696e-4,0.21221651543046724,0.25008357981650936,0.2062081247127666,0.16029488664012737,0.2098256382186738,0.1490018816455653,0.09696787762475574,0.029532828906435812,NA,0,4.126683242300249,5.200411478674897,10.537066650388534,15.126165854502073,14.512206619338029,10.473317311360336,6.130606079103333,2.9604839201935484,NA,0,24.754499546680876,27.148069479336627,40.10579896692385,49.336418164829915,48.6156475901135,39.20634555457658,31.087851913721362,19.76482424925256,NA,0,183.300003052,198,261.5,241.399993896,223.5,230.5,209.899993896,157.800003052,NA,0,0,0,0,0,0,0,0,0,NA,1,124,177,150,144,201,131,180,29,NA,NA,9267,4787,367,2670,3890,5674,2201,1878,NA,17980,90173,18563,22046,44988,45543,22756,10750,7130,NA,NA,488,392,366,282,468,270,280,16,NA,NA,29691,15658,10963,1265,2096,1437,911,67,NA,NA,NA,16,53,15,NA,NA,22,NA,NA,NA,7200,13113,12927,28766,34262,23409,9955,1173,NA,NA,4203,2866,4704,7016,NA,2397,NA,1800,NA,NA,3593,1800,12889,3572,5955,8011,3153,1762,NA,NA,2399,4196,1937,3648,1685,4200,1203,NA,NA
u43,0,0.10160826196172248,0.054431078,0.5151453133903134,0.08356570710526316,0.02834858861060329,0.08403477026476579,0.022894670034246577,0.6577742758139535,0.0052402544696969694,0,29.78779,16.507574,31.25,29.75,3.0413814,30.75,2.5,33.283817,1.118034,0,1.5519554411336252,0.7958925260909663,3.6776510196260745,1.459191911075756,0.20855296114737876,1.4002333154384052,0.19593373388686222,3.796309248971121,0.06753575225020847,NA,343522,366664,292579,349812,396142,240644,298186,264116,206914,NA,142989,168142,104522,131373,142092,45696,43792,81044,28376,NA,5538,10384,17054,12723,19764,8203,6623,62506,2790,2717,495517,534806,406102,491383,548657,295947,349185,352440,235890,3.0381737934523203e-5,0.20845825125156886,0.23221343789311072,0.22567356276160505,0.17741821144858178,0.24316814307652487,0.12713697498547788,0.14229358624421012,0.1563409175750123,0.09380644350699158,3.0381737934523203e-5,0.20845825125156886,0.23221343789311072,0.22567356276160505,0.17741821144858178,0.24316814307652487,0.12713697498547788,0.14229358624421012,0.1563409175750123,0.09380644350699158,0,1.7308612440191387,3.02177778456,4.914529906377123,2.8825359458603588,5.205667276051188,3.606924690203666,2.2779109771952055,17.043875961892557,1.9247474863080807,0,21.0657808130446,22.96604091027475,29.078941524263747,20.41864303914647,27.661864348939368,25.692230428778533,17.64571522392117,56.704376281690294,17.26737163269455,0,348.399993896,255.199996948,342,178.100006104,192.899993896,356.600006104,177.600006104,399.200012207,196,0,0,0,-9.80000019073,-4.19999980927,0,0,0,0,0,1,250,274,230,224,231,135,208,185,150,NA,1612,7390,13,290,NA,56,NA,31,NA,2717,16345,3063,22559,33815,45365,25355,15288,7535,103310,NA,379,728,866,414,490,216,NA,36,46,NA,36,97,371,44,NA,280,NA,15,NA,NA,445,274,227,192,115,285,335,669,231,NA,NA,2750,11645,9482,6548,2309,1787,21755,1112,NA,2537,3499,2408,1205,3621,1790,1206,16209,599,NA,3001,4135,3001,1222,3648,2304,1797,16737,557,NA,NA,NA,NA,814,5947,1800,1833,7805,522
u44,0,0.09901282561363636,0.05905758119834711,0.06008668606122449,0.06933412270916335,0.16284099140873015,0.038675229637526655,0.041477563574380164,0.07209964964214712,0.007838735447761194,0,16.5,5.771698,12.010412,14.5,28.01785,8.806957,10.75,17.25,1.6007811,0,0.8384603846181923,0.45600865645118943,0.5757646206306987,0.8005571497733773,1.687287401478363,0.4457442957326581,0.5124835644876696,1.0647117010347293,0.10233294897097456,NA,423014,461625,455484,434399,496869,481272,484799,526916,271199,NA,51603,57562,70040,62012,48066,60602,80080,60562,44401,NA,53867,65848,62550,103472,59033,15527,18323,14279,2403,2583,477617,519187,525524,499213,544935,547879,566079,588678,319806,2.388828164612765e-5,0.1810847397122918,0.20599012962933722,0.27372508380795146,0.23891680921845293,0.1710924163167688,0.15078591824439982,0.20388501571947992,0.2276145083698382,0.1362623690949684,2.388828164612765e-5,0.1810847397122918,0.20599012962933722,0.27372508380795146,0.23891680921845293,0.1710924163167688,0.15078591824439982,0.20388501571947992,0.2276145083698382,0.1362623690949684,0,16.29522715480909,18.949173588400825,16.588163243505715,28.8733067303504,16.19404753427004,4.577825143646056,4.82541319161157,4.077733580206759,1.2526119289104478,0,50.89778724860269,54.199372319690404,49.31789514551438,63.62109322779464,50.27802479704148,27.535204653090993,31.0116237427618,26.44081975100606,14.52457393846781,0,247.699996948,226,206.699996948,234.399993896,262.399993896,194.800003052,256.899993896,224.600006104,182,0,0,0,0,0,0,0,0,0,0,1,68,87,114,169,92,69,116,68,55,NA,NA,2455,253,3922,NA,2043,NA,NA,NA,2581,240100,161262,142768,179081,139328,131788,146824,162668,148678,NA,842,1081,2303,1217,983,458,773,865,390,NA,6646,5078,5617,6550,8763,2632,6481,3324,6055,NA,NA,NA,NA,NA,NA,NA,NA,NA,NA,NA,33466,56264,48891,93934,46547,9548,7413,8132,1202,NA,14406,2379,2393,3595,6597,NA,NA,2527,NA,NA,2398,4802,5881,3600,5889,2386,2999,2419,1201,NA,3597,2403,5385,2343,NA,3593,7911,1201,NA
u45,0,0.6918494373214286,0.5225497396276596,1.0404409500921659,0.15464305371179038,0.1602196380952381,0.27973803163414634,0.20734748474860334,0.11570720166666666,0.30345527578512393,0,21.75,35.75,35.5,10.25,14.285045,31.5,15.781714,11.5,17.278961,0,2.6816874749771586,3.1893646606273323,4.662929436275743,0.9479862921391606,1.2368151826493428,2.194286365711617,1.4196489383765283,0.9744581719763632,1.6326300259392126,NA,169540,306890,147659,170550,176937,380135,120618,286862,82732,NA,34203,52390,16234,34664,25290,69993,58823,42617,24740,NA,129737,86417,92603,65641,20817,40041,28450,25236,41202,2412,212744,365278,175306,209414,206427,456134,195048,339084,108673,3.763787986038173e-5,0.12104250772338188,0.1684497823323654,0.1118671273368897,0.10588198185758031,0.11236336667341233,0.20409986259629156,0.12050560911282224,0.12404535929968316,0.049304925424445624,3.763787986038173e-5,0.12104250772338188,0.1684497823323654,0.1118671273368897,0.10588198185758031,0.11236336667341233,0.20409986259629156,0.12050560911282224,0.12404535929968316,0.049304925424445624,0,52.576071262345,26.723670188416754,47.9847924753153,36.04847157573755,13.01216936868836,10.365121980997804,15.925139784155865,10.05900001526,40.58347112482479,0,69.57121412601089,57.0574007828305,70.34414762521656,64.43691969214278,42.43319812335618,39.8557972087017,44.98754030292743,37.12953040139211,72.79609124166484,0,234.600006104,358.100006104,298.799987793,214.899993896,190.5,336.799987793,198.600006104,176.699996948,239,0,0,0,0,0,0,0,0,0,0,1,229,377,204,195,124,195,217,132,76,NA,12033,9291,394,2987,6676,9042,8631,4086,4421,2616,7927,19041,20305,66604,69202,152038,44557,106962,53317,NA,595,815,273,102,279,737,378,362,9648,NA,21475,16762,8999,722,2764,2330,12717,8562,544,NA,NA,NA,NA,NA,NA,NA,NA,NA,216,NA,87330,60969,67601,58558,14368,17968,21023,18644,19652,NA,10100,1722,9298,1203,NA,2400,3828,4805,5505,NA,21615,16759,4345,3480,6449,9479,2400,1787,9328,NA,10692,6967,11359,2400,NA,10194,1199,NA,6717
u46,0,0.00957732922077922,0.007936507936507936,0.0364268171314741,0.09250582386363636,0.01709025548523207,0.009538152610441768,0.012195121951219513,0.010873930970149253,NA,0,1.9525625,1.5,6.408003,27,1.6007811,1.75,1.25,1.4142135,NA,0,0.11846578660812208,0.10306682933250606,0.36232612577662565,1.3243683982574173,0.13926760793695955,0.10416085856473306,0.12089979412950001,0.10978888264926645,NA,7200,471978,512679,517343,416375,492284,513877,514310,278667,NA,7799,120204,77721,61166,91226,47889,69395,66395,26530,NA,NA,8332,10774,16690,12776,23766,10679,6060,8018,NA,17323,595849,594026,587201,518401,547373,588071,585619,315870,NA,0.003839992036396494,1.4602199458274256,0.3059247682554737,0.2884278563911285,0.4366449861640225,0.29719282770717254,0.36898475272321374,0.3153048248424495,0.1079995176711788,NA,0.003839992036396494,1.4602199458274256,0.3059247682554737,0.2884278563911285,0.4366449861640225,0.29719282770717254,0.36898475272321374,0.3153048248424495,0.1079995176711788,NA,0,1.5759740557012987,2.7410714134325396,3.837450247840239,2.5931818116795453,5.968987412599156,2.553413697518072,1.3792682895813009,3.7873133758955224,NA,0,14.727409845799574,20.7018625227881,23.139863866579496,18.10844320181719,28.50826159373112,18.956002500627836,13.652688456440357,23.225680998762915,NA,0,147.5,215,198.600006104,160,153.800003052,181.300003052,146.399993896,160.800003052,NA,0,0,0,0,0,0,0,0,0,NA,8,401,343,408,333,372,444,417,232,NA,NA,5371,2590,6680,4070,4707,16807,501,120,NA,4614,72468,5448,430,19959,51061,21743,76201,44117,NA,NA,132,216,106,308,427,633,NA,62,NA,NA,NA,NA,NA,4829,NA,NA,NA,NA,NA,NA,NA,NA,NA,NA,NA,NA,NA,NA,NA,NA,5944,7150,8363,6799,16669,7153,NA,6895,NA,NA,1201,2488,NA,3507,4692,2391,2360,1123,NA,NA,1187,1136,1112,NA,1200,1135,1294,NA,NA,NA,NA,NA,7215,2470,1205,NA,2406,NA,NA
u47,0.012815122,0.0858298872180451,0.0814911971830986,0.04593106694560669,0.011431551724137932,0.03838808675090253,0,0.006665164098360656,0.04594103211422846,0.025165889358600584,1.43865,22.83075,14.82435,18.70245,1.06335,8.3817,0,0.8757,18.20205,6.1299,0.10951900143172062,1.3998430974946416,0.9125157634690378,0.8577153463162493,0.09097257550560878,0.5065613716346937,0,0.07368633761745891,0.7522467298427528,0.34036388799208445,206398,268205,285580,473034,263613,277751,32397,133783,517502,170780,30710,48911,36694,86100,69485,40767,4801,17750,68098,33500,6510,415,14714,11764,5629,9573,NA,2336,11432,2889,237108,318916,325874,563936,341489,325125,40798,159933,590992,206080,0.1345564291037643,0.16997230820027942,0.15595882176387452,0.3306952351154992,0.1843178432776068,0.15828831620210657,0.03317776113598565,0.2089397172229222,0.36303028563541256,0.1869778150133976,0.1345564291037643,0.16997230820027942,0.15595882176387452,0.3306952351154992,0.1843178432776068,0.15828831620210657,0.03317776113598565,0.2089397172229222,0.36303028563541256,0.1869778150133976,3.735609994282927,0.4868421052631579,6.640141017,3.0627615062761504,2.190000126279655,4.267148234783393,0,2.506557276991803,2.8053107557886774,1.9338193843381923,23.705435412169628,7.940154446330282,30.609606839712722,21.13556609915467,16.85520553075612,24.988798311223842,0,19.499364036068716,20.610521598068665,16.195951039111126,161.200012207,129.5,170.099975586,167.299987793,163.700012207,173.700012207,0,166.5,238.900024414,166.700012207,0,0,0,0,0,0,0,0,0,0,107,156,158,219,135,128,26,112,224,112,7861,147,2103,4066,3449,2035,1869,1957,5255,914,28805,82631,23849,176517,85844,108405,39921,44000,198681,120904,166,116,77,603,159,274,NA,160,603,625,1872,280,326,353,2481,NA,NA,2013,NA,NA,NA,151,32,15,16,NA,NA,483,257,NA,1100,415,7146,7100,1117,2359,NA,NA,4077,549,1205,NA,2407,1203,2219,2408,NA,1197,1016,1083,2405,NA,2752,2353,NA,4806,NA,604,4202,601,1800,NA,2409,1108,2293,NA,NA,535,2137,656
u49,0,0.21395746853146855,0.030846831265508683,0,0.021504425161290322,0,0.8865625249253731,0.0944701046724351,0.04372863943509615,0.03506751445562672,0,26.565283,12.431273,0,2.4235702,0,28.25,8.631338,4.25,3.8810437,0,2.244577274750957,0.6192458160104723,0,0.2074804792770503,0,4.697216231619035,0.5108264641154715,0.28175902913394285,0.28753230105228367,1200,NA,NA,NA,NA,1800,39492,356588,390199,367469,NA,NA,NA,NA,NA,NA,NA,54754,51085,24761,44291,107728,36108,44439,46122,NA,7482,82193,39290,35541,98096,87019,453675,322406,150590,3600,39492,411942,448755,399871,0.1283652265976332,0.16188964221935825,0.4451028834276303,0.22681624452240878,0.10330657512972491,0.0074961936057005305,0.027182513594179156,0.24640738775339743,0.5319566770619525,1.0786394250906597,0.1283652265976332,0.16188964221935825,0.4451028834276303,0.22681624452240878,0.10330657512972491,0.0074961936057005305,0.027182513594179156,0.24640738775339743,0.5319566770619525,1.0786394250906597,40.176991150442475,67.96503496503496,9.22332506203474,13.733333333333333,28.129032258064516,0,11.223880604132388,23.56402958514487,10.143389390062861,15.403293637537695,72.74910776189427,78.25584733472796,35.677657931591,42.26325628321952,58.535338386025295,0,39.86948821752568,53.46279270844411,37.17083234948569,44.91730773602311,423,319,225,210,226,0,172.300003052,215.5,216.5,308.299987793,0,-10,0,0,0,0,-14.8999996185,0,0,0,185,254,335,357,244,2,28,351,503,589,6036,743,145,366,71,NA,NA,148,162,499,9677,1980,11069,37063,85578,2600,NA,70542,39046,46604,44,2263,138,228,116,NA,NA,NA,NA,116,25,NA,NA,NA,NA,NA,64,NA,NA,NA,NA,NA,209,29,107,NA,NA,20,NA,505,44291,103983,33227,44439,39040,NA,5471,52738,33796,31493,NA,1800,1081,NA,2068,NA,140,8110,672,288,NA,932,NA,NA,3204,NA,NA,14615,2048,2595,NA,1013,1800,NA,1810,NA,1871,6730,2774,1165
u50,0.01688844739910314,0.04890641874,0.03646879115079365,0.03472704611111111,0.02795865986394558,0,0.007085814348837209,0.016910952445652175,NA,0,1.25,8.5,2.25,6.1032777,4.160829,0,1.0307764,1.4142135,NA,0,0.13209838006114163,0.42833994936401437,0.20832425149418202,0.33464527279345146,0.26864075822518435,0,0.07504326969882288,0.13200155926363538,NA,0,229265,517703,516836,516256,312131,81780,244177,209792,NA,19800,25175,37884,39575,33392,13287,NA,5402,4201,NA,NA,10761,43623,48385,53952,26737,3421,7221,6807,NA,NA,257440,556787,556411,550848,327218,81780,253179,216994,NA,21023,0.04630211342966232,0.08485777453556372,0.08296662263706941,0.0822865317237385,0.04422314976391976,0.0019600150690046894,0.02647067062235937,0.023529232185262067,NA,0.011446289074150219,0.04630211342966232,0.08485777453556372,0.08296662263706941,0.0822865317237385,0.04422314976391976,0.0019600150690046894,0.02647067062235937,0.023529232185262067,NA,0.011446289074150219,6.038116591928251,10.689399887076,11.22976191081746,12.465476187448413,11.690476242380953,5.8732393291563385,4.343720937329768,4.761684811636141,NA,0,29.800246837641932,38.134499281563855,38.168345671107964,40.01947878134975,40.60494927031173,28.879670765867502,25.214989701624162,26.57852752530165,NA,0,176.800003052,179.399993896,183.699996948,187.899993896,202.600006104,171.899993896,192.699996948,213.399993896,NA,0,0,0,0,0,0,0,0,0,NA,0,62,84,53,66,34,1,40,65,NA,NA,1772,1856,NA,NA,NA,NA,NA,493,NA,NA,189672,238390,382057,317451,189227,84506,249301,215701,NA,NA,1158,293,241,741,140,NA,15,87,NA,NA,60278,336537,198178,266881,162896,NA,NA,1958,NA,NA,NA,NA,NA,NA,NA,NA,NA,NA,NA,NA,9558,33058,31938,47989,21959,3421,5366,2736,NA,NA,NA,3606,7162,1199,NA,NA,NA,1199,NA,NA,1203,5826,3411,1206,3573,NA,1855,2273,NA,NA,NA,1133,5874,3558,1205,NA,NA,599,NA,NA
u51,0.10582549935064935,0.07259450405349795,0.021246541117764473,0.017618003180914513,0.00539264296812749,0.27103287040441176,0.024902095930824007,0.048499252112676056,0.07247221388888889,0.007254138987688098,11.75,14,3.354102,2.0155644,1.25,32.75,8.25,15.074814,29.5,2.25,0.853214265981785,0.7254593954855486,0.22231212607307874,0.1544097593936547,0.07218297779406627,2.640430040657551,0.3040216293595023,0.658796281835727,1.2284545401165148,0.11608058604175713,305083,496095,532969,536915,542395,489924,523025,529887,441947,400208,51618,64662,57695,51121,53861,41087,49214,55720,50699,37849,15908,23368,7883,10774,5330,31014,20755,12940,8200,2984,356701,562044,593064,591636,597456,531011,575240,586807,496222,438586,0.13913886624013228,0.19727798410002026,0.22955712695584427,0.4258496974314423,0.27612233031277744,0.4709017437555623,0.4283891692943382,0.44431018243376585,0.3914118448787173,0.6666363399287738,0.13913886624013228,0.19727798410002026,0.22955712695584427,0.4258496974314423,0.27612233031277744,0.4709017437555623,0.4283891692943382,0.44431018243376585,0.3914118448787173,0.6666363399287738,5.516883156519156,5.875514424877161,1.8261477228662675,2.4554671786163023,0.8306772908364541,2.6433823669663052,5.518311222106104,2.4728370298089537,2.127294678618599,0.7904240807824897,26.581231622547207,30.68766379380314,15.818085243927005,18.600454062704674,9.513890197837659,18.570195252821005,29.271609075695086,18.145097432088022,18.935931001609383,11.234133009899114,165.800003052,288.700012207,164.800003052,211.199996948,137.5,143.100006104,265.399993896,162.300003052,328.5,219.699996948,0,0,0,0,0,-42.4000015259,0,0,0,0,147,149,184,193,218,179,133,390,173,151,400,12516,2389,7655,2389,3941,7662,10481,8878,4544,153449,183911,213919,215653,228130,150541,252651,183832,174039,233111,1101,664,718,481,244,165,1289,536,477,439,4037,649,NA,6535,771,2465,16698,949,94,2059,NA,NA,NA,NA,16,NA,NA,NA,128,23,6498,12733,5867,6042,2975,17306,16160,5302,4997,2378,2996,2462,NA,2374,NA,3521,596,3197,1490,606,1834,2405,1204,1156,1205,5471,2128,2234,1111,NA,4580,5768,812,1202,1150,4716,1871,2207,602,NA
u52,0.01956062566539924,0.03251567738148984,0.029121634955947138,0.041551282914979754,0.018966265108433734,0.006879796087824352,0.03970712009708738,0.048914389918032784,0.005160241136131013,0.006519868993055555,0.8231111,1.5947778,1.9034444,3.0866666,2.1092222,0.97744447,4.4756665,3.4467778,1.2346667,1.028889,0.10070470539025218,0.1629946301743195,0.15937127747549,0.23248898952111335,0.13446941689453842,0.07031309346598337,0.27696187922743737,0.2611620339475921,0.06697359831414024,0.0712107830944498,163533,241610,311072,333141,313305,417939,270114,288554,387703,241911,82859,127262,153739,103317,114294,159607,145445,165532,178999,80921,53589,130236,63130,139520,59012,18846,49974,108690,9466,4648,263209,403155,484667,453879,440801,582961,447411,478472,588135,343346,0.16803106890316075,0.26589172664274024,0.25511562502708807,0.22153996057665687,0.21200973478389262,0.26006788377519247,0.20957924977638992,0.26512864827904015,0.34740755402834245,0.3091332933469507,0.16803106890316075,0.26589172664274024,0.25511562502708807,0.22153996057665687,0.21200973478389262,0.26006788377519247,0.20957924977638992,0.26512864827904015,0.34740755402834245,0.3091332933469507,30.456273764258555,45.02528216704289,20.037444933920703,42.640485829959516,20.58265060240964,5.523153692614771,17.734223300970875,32.947745901639344,2.4327533265097236,2.3432291666666667,67.39664428494432,79.20102633195867,56.42232980995639,77.27616462555665,56.854152230136826,30.519316224881727,52.96078720745859,70.34588668246843,21.135996310911775,19.891547411498987,202.5,241.9,288.8,296.5,257.4,192.8,205.2,353.8,218.4,194.7,0,0,0,0,0,0,0,0,0,0,177,220,209,182,275,333,280,294,256,192,244486,428561,470912,529528,323746,287627,186835,193998,94823,7451,2253,NA,NA,3825,4150,4331,4265,4555,20103,27830,318,804,345,357,81959,152582,209809,281992,340115,225469,NA,NA,NA,NA,NA,NA,567,NA,NA,NA,411,584,634,486,442,866,342,351,187,123,38201,103924,45852,95127,45955,16469,31960,64463,4704,2359,4671,7152,5966,7168,2376,NA,9596,14417,NA,1781,8327,7159,7750,28907,8292,2377,4751,17875,4174,508,2390,12001,3562,8318,2389,NA,3667,11935,588,NA
u53,0.307526637921147,0.19509344134736842,0.07262944700665189,0.1603420782334385,0.013900170789473684,0.06129374494382023,0.042322013004587156,0.024424409367088607,0.026675850530035336,0.05262728791428571,34.51449,30.75,22.755493,25.5,1.5811388,9.552486,12.0415945,3.508917,2.0155644,4.031129,2.66010814234392,2.2731385888444713,1.0930928811174956,1.837795496335458,0.12255355910725446,0.6506288673064106,0.594817763954533,0.24102867951183188,0.2241897703962741,0.37169992163956933,255016,473461,437749,295264,490375,433544,447101,418592,305145,359826,32409,50924,69948,49085,71770,57074,50344,24054,21596,23420,55504,40828,30616,39525,32400,37661,19928,25407,9261,34213,287425,530984,513097,346149,562145,497221,505251,450448,331539,385646,0.06245266631058627,0.0948596699364968,0.09500134748998898,0.10148812437349619,0.09995691366875316,0.10580418621184186,0.08724270329862717,0.0333268057758223,0.04420017533708756,0.03621231562897049,0.06245266631058627,0.0948596699364968,0.09500134748998898,0.10148812437349619,0.09995691366875316,0.10580418621184186,0.08724270329862717,0.0333268057758223,0.04420017533708756,0.03621231562897049,19.91326155029319,10.275789473684,8.74301550076297,13.435646706952681,7.579959514169838,10.151910108930112,5.374770628201605,8.661265930956455,3.856890459363251,10.854571402411429,50.118948245546086,37.68164366358349,35.166443696596076,41.630004852499795,31.96626046215657,36.07789778541709,26.299398213287244,35.31180289757636,23.121865997761834,36.558774956448836,338.5,215.600006104,199.800003052,206.399993896,190.800003052,158.199996948,148.5,191.699996948,173.699996948,166.699996948,0,0,0,0,0,0,0,0,0,0,72,106,84,94,82,118,105,67,36,53,164,1939,2223,835,886,3211,8134,NA,NA,NA,80721,69631,99199,55890,70720,52792,53965,3833,43872,11309,312,267,446,566,697,410,219,609,130,255,209083,472920,426414,296581,502868,472696,448742,469558,294550,397247,NA,NA,NA,NA,NA,NA,NA,NA,NA,NA,41890,33093,25910,33318,30065,31672,13849,23055,6859,26526,5400,2998,1193,2654,1201,1199,1882,NA,1200,2413,5212,2341,2400,NA,1134,2406,3002,2352,NA,2959,3002,2396,1113,3553,NA,2384,1195,NA,1202,2315
u54,0.007738805035971223,0.13589519228486646,0.12255467153465346,0.019336816631130065,0,0.03140114656084656,0.02443609022556391,NA,NA,0,1.25,29.75,31.25,2.795085,0,3.5,1.75,NA,NA,0,0.09227080680203553,1.6658902504631514,1.6654938847205596,0.2134606763101548,0,0.2623085632085942,0.17907766020527963,NA,NA,0,280267,337516,397308,498605,468413,402531,118906,NA,NA,132035,45782,48678,75823,52693,37620,26241,26546,NA,NA,4730,4891,14083,4591,3679,1292,14237,10838,NA,NA,NA,329607,389145,475531,557744,515288,440772,157556,NA,NA,138008,0.8946065265103307,1.1988869027755216,1.3139257326879623,1.4099714112036172,0.988196860434784,0.7496526577625222,0.21446449399023415,NA,NA,0.21177281696740197,0.8946065265103307,1.1988869027755216,1.3139257326879623,1.4099714112036172,0.988196860434784,0.7496526577625222,0.21446449399023415,NA,NA,0.21177281696740197,1.8482014498266188,8.662017822264096,2.3217821404455448,1.2002132391385927,0.30415703683140877,4.656084656084656,8.765413671518797,NA,NA,0,15.919542140862198,57.37161762176292,25.190449843230773,12.962300074371989,6.329097946975534,25.941506911560577,34.901893462077275,NA,NA,0,171.300003052,536,385.399993896,147.199996948,131.699996948,196.800003052,166.100006104,NA,NA,0,0,0,0,0,0,0,0,NA,NA,0,189,198,97,204,190,257,210,NA,NA,91,897,6196,2094,5237,673,316,123,NA,NA,34,2643,10924,12077,6951,24906,34269,NA,NA,NA,NA,49,15,10,87,NA,58,NA,NA,NA,88,NA,NA,NA,NA,NA,NA,NA,NA,NA,NA,35,36,NA,54,44,21,86,NA,NA,NA,3686,6284,1206,1205,1292,7968,9647,NA,NA,NA,NA,4795,1585,124,NA,2657,NA,NA,NA,NA,1205,1800,1800,2350,NA,1206,1191,NA,NA,NA,NA,1204,NA,NA,NA,2406,NA,NA,NA,NA
u56,0,0.1607202874617737,0.005032502183406114,0.0728892611814346,0.019096651631355932,0.11135323766509433,0.15165380459770114,0.311900801925,0.06112218391304348,0.06771388737864077,0,30.9375,2.304886,31,1.9525625,27.75,11.884864,31.265995,17.066048,16.56804,0,1.838710144261547,0.10770024989526238,1.4290712488187596,0.16702956646184303,1.6250969150655554,1.2753207077443145,2.857611803838308,0.8299361742291879,0.9647111659787665,186186,328287,468061,465688,474144,449697,74097,377401,441602,263416,58661,49114,78458,87907,68888,62420,15968,82277,94212,97803,NA,11083,3455,14811,25729,9684,22685,17930,12542,3716,251450,388237,546519,553595,543032,512117,91865,466875,541213,365419,0.42735246484530653,0.8489648078458873,0.15784974837016397,0.19516852594604006,0.21949738376223704,0.2132563016806903,0.06053945216630797,0.15754161964140667,0.24790213092323424,0.21327095880223781,0.42735246484530653,0.8489648078458873,0.15784974837016397,0.19516852594604006,0.21949738376223704,0.2132563016806903,0.06053945216630797,0.15754161964140667,0.24790213092323424,0.21327095880223781,0,6.110091766449541,1.3703056568646288,3.3651898460527425,8.281779709508475,2.287264104156132,30.80919541983908,4.67399997710975,2.9845652041219566,1.7313915857605178,0,41.58445399804885,14.75479180713887,22.514799065087967,40.27331772077926,18.233860778556366,59.156622306900644,25.460383835182217,20.285799928883588,15.396820966409761,0,352.899993896,187.300003052,199.399993896,326.5,204,180.899993896,216.199996948,170.899993896,167.5,0,0,0,-19.7000007629,0,0,0,0,0,0,82,116,110,167,143,153,37,141,209,206,3454,2433,1727,5003,1164,11151,4547,2608,8228,1505,NA,1900,NA,NA,NA,NA,NA,NA,NA,NA,NA,NA,NA,NA,NA,26,NA,45,NA,NA,NA,NA,149,301,246,2137,NA,2028,229,1994,NA,NA,NA,23,NA,NA,NA,NA,NA,1851,NA,NA,2251,11819,20910,5406,22474,5333,1800,1197,NA,5411,NA,2992,2427,2819,7,4871,3907,1202,NA,4200,1204,NA,1192,1459,204,7726,5888,1317,NA,1472,NA,NA,1200,NA,NA,NA,947,NA
u57,0.13584889557522123,0.4831521445,0.2639040043668122,0.11297294150943396,0.11748173553658536,0.060122030478547854,0.14152945791710947,0.056213638137142856,0.06333132367697594,0.05669887463312369,30.25,35.75,35,23.75,7,7.5,30.25,6,13,2,1.661481730833967,3.5977447342472395,2.2873641781920764,1.1471096324332803,0.530756246689881,0.4595128833516584,1.5089145448108618,0.33171857385692627,0.49899385247600997,0.24615342684878525,316411,276553,281798,434007,282903,412294,437449,397079,416840,234461,34580,46201,51626,48373,33007,68226,60389,55325,39604,16688,45442,159292,208743,87848,183954,85734,69510,86156,91440,60782,362920,334057,349461,488984,327801,488993,509969,463517,464133,257420,0.27371912035881146,0.4725295503900397,0.38627865489813673,0.31839337867994527,0.17798037378562442,0.37764904160743784,0.4333802158952445,0.2729048494106062,0.19965709943038173,0.09856781003821857,0.27371912035881146,0.4725295503900397,0.38627865489813673,0.31839337867994527,0.17798037378562442,0.37764904160743784,0.4333802158952445,0.2729048494106062,0.19965709943038173,0.09856781003821857,15.799705100276991,54.60200002670525,54.831659379483185,20.291194979750944,47.582195077286585,19.457590751521288,14.889054200094154,17.572114336288344,16.884421480750632,16.40859539103983,45.87120309725795,85.79592754094705,76.06042756323102,51.069964935113205,68.16658681155585,49.11174744041997,44.92252738106185,47.76424098014029,47.507203577747134,47.944705436504236,189.100006104,294.899993896,261.799987793,257.600006104,212.100006104,178.800003052,318.600006104,308.700012207,347.799987793,251,0,0,-67.6999969482,-17.5,0,0,0,0,0,0,204,234,234,224,271,265,289,315,291,240,282918,277963,391125,365765,390972,293947,365367,412752,342362,142042,12546,19398,44809,49498,81414,99869,43575,32130,148725,239936,510,606,251,184,469,520,257,NA,NA,62,NA,359,NA,60,NA,4467,NA,967,226,NA,55,120,124,NA,NA,60,120,132,60,NA,32197,131714,169686,66764,141696,71242,48474,63183,55783,34667,4762,4806,9523,6672,13310,4249,5382,6190,13735,3735,6046,14475,17534,9612,13981,1841,8276,9778,11330,12059,2437,8297,12000,4800,14967,8402,7378,7005,10592,10321
u58,0.0035919540229885057,0.34258345664621676,0.38224863516949154,0.14616559538784066,0.0295677390438247,0.06528143029739777,0.010099695402061855,0.06975458522066738,0.04359138621875,0.14019941322485208,1,33.75,30.5,26.25,5.4829283,7.071068,3.132491,16.530275,19.5,20.006248,0.05521793493543436,2.96698336486561,2.8230160655442136,1.4852631640408098,0.30831338563415267,0.46593896415717784,0.13206721910789254,0.8188444303433544,0.7009886507347587,1.2753149076730332,391214,494807,489769,482463,507243,440051,533299,495832,534536,179600,18170,50596,41475,68889,66797,72025,47215,41061,32108,17496,6952,37361,32461,17210,27860,73060,9697,41347,17548,15366,410536,551850,536605,556584,574040,512076,581114,538101,567843,197697,0.0783704849271958,0.30609374038979903,0.21029352152844427,0.1106024385068622,0.11860768992796934,0.13815562303207865,0.18051099987399508,0.17053551986302995,0.1574227402742579,0.05202403249634863,0.0783704849271958,0.30609374038979903,0.21029352152844427,0.1106024385068622,0.11860768992796934,0.13815562303207865,0.18051099987399508,0.17053551986302995,0.1574227402742579,0.05202403249634863,2.521264416051724,9.18997957662454,7.6682203583813555,4.997693923534801,6.883864490155976,22.97026029396171,2.3820618383649483,6.979978481330463,2.628854171435,4.935798805141183,19.293379451665622,37.980906701529186,31.543854317101367,27.305115749079093,30.663172751791183,68.27721032292887,18.689616286001108,30.661866108040773,18.15049505576324,23.73518447113286,174.600006104,348.899993896,179.899993896,186.399993896,164.199996948,471.299987793,196.899993896,188.600006104,165.600006104,170.100006104,0,0,0,0,0,0,0,0,0,-1.70000004768,58,121,141,82,95,129,173,157,142,67,1894,6803,6223,3915,8996,4985,13185,5876,3818,2143,13631,12275,22036,17016,18360,12610,10328,21960,14728,1717,238,185,372,427,202,106,448,364,363,41,385709,505852,477808,508011,540188,532480,525206,504838,539522,184557,NA,NA,NA,NA,NA,NA,NA,NA,16,NA,4692,25352,20204,11015,20856,64759,6125,23974,11552,5967,1121,6040,2408,918,1195,1170,598,9567,628,3493,1139,3617,6878,5277,3730,1984,1630,2945,3568,4797,NA,2352,2971,NA,2079,5147,1344,4861,1800,1109
u59,0.0036231884057971015,0.02457127393495935,0.01068913480885312,0.004273504273504274,0.009419551934826884,0.02265784114052953,0.030606995884773662,0.03618808962264151,0.02025334075723831,0.16687411095305832,1.25,2.6575365,2,1.0625,2.5625,1.625,4.5,6.4375,13,32.5625,0.06729773775727066,0.18837921625551265,0.11947408884734517,0.06542998106993136,0.1295980605194817,0.14489259933292709,0.27607931004603203,0.2851175149709687,0.4458106411649305,2.1878426633068906,323038,435228,508949,460944,404729,418317,324230,361609,420499,295697,81354,146072,74966,91820,146943,132296,120014,114816,117198,109910,471,9243,7634,2347,4789,18774,10083,25863,4073,5889,413724,583987,589096,561491,566251,573028,460696,495318,544672,426914,0.2008074363788317,1.1634619789953082,0.24215443118167107,0.3483927595478225,0.5015135541227798,0.2753259160128747,0.4016534555220986,0.5337554720843277,0.6684409114339351,0.9205892973736519,0.2008074363788317,1.1634619789953082,0.24215443118167107,0.3483927595478225,0.5015135541227798,0.2753259160128747,0.4016534555220986,0.5337554720843277,0.6684409114339351,0.9205892973736519,0.4060869742144927,4.440162609069431,1.9215291750503019,0.6132478632478633,1.1608961303462322,5.14867617107943,2.3930041152263373,0.7570754716981132,1.4376391982182628,0.45376955903271693,7.54273077646322,21.39294454107626,17.53590439122549,9.372267380563711,12.823789214095726,28.20190131958882,18.830658058481493,14.840830335192814,15.344828992404278,7.2190243588216445,140.100006104,171,199,146,144,179,161,162,216,132,0,0,0,0,0,0,-18,-40,0,-21,258,314,277,331,254,317,252,278,175,246,NA,10748,29051,11077,NA,360,913,10199,4342,3049,885,23734,2392,20891,61737,86964,52529,24746,2659,6311,195,1693,324,208,478,1525,207,16,NA,80,NA,15,NA,2291,16,NA,80,NA,NA,44968,139,1070,73,317,279,2824,123,147,387,421,NA,3793,2350,1233,1265,3507,3535,11894,1085,603,NA,1033,1182,1114,1178,7032,2942,7503,1103,911,471,3281,1800,NA,1230,4708,2404,4232,1134,1971,NA,1136,2302,NA,1116,3527,1202,2234,751,2404
